entry_id,provider,date,title,url,short_paraphrase,evidence_snippet,auto_taxonomy_class,auto_c_subclass,auto_schema_visible,auto_runtime_visible,auto_agent_task_relevance,auto_label_rationale,human_taxonomy_class,human_c_subclass,human_schema_visible,human_runtime_visible,human_agent_task_relevance,human_confidence,human_notes,accept_for_paper_example
anthropic_00ba2e322aee,Anthropic,2026-04-01,Memory for Claude Managed Agents is now in public beta under the standard managed-agents-2026-04-01 header. See Using agent memory for the full integration guide.,https://docs.anthropic.com/docs/en/managed-agents/memory,Official changelog entry indicates semantic behavior relevant to none.,Memory for Claude Managed Agents is now in public beta under the standard managed-agents-2026-04-01 header. See Using agent memory for the full integration guide.,C,none,false,unknown,high,Semantic behavior keyword matched; subclass=none.,,,,,,,,
anthropic_709b7ed01d6b,Anthropic,2026-04-01,Multi-agent sessions and Outcomes are now in public beta under the standard managed-agents-2026-04-01 beta header.,https://docs.anthropic.com/docs/en/managed-agents/multi-agent,Official changelog entry appears to combine schema/protocol edits with semantic behavior changes.,Claude Managed Agents vault credential background refresh is now supported for mcp_oauth credentials. See Authenticate with vaults . Webhooks for Claude Managed Agents are,mixed,none,true,unknown,high,Both schema/protocol and semantic keywords matched; subclass=none.,,,,,,,,
anthropic_1efd34b3c1c5,Anthropic,unknown,"Additional filtering and sorting options are now supported for Claude Managed Agents. Sessions can be filtered by status, and events can be filtered by type. Events can now be filtered by creation time.",https://docs.anthropic.com/en/release-notes/api,Official changelog entry appears to combine schema/protocol edits with semantic behavior changes.,"Additional filtering and sorting options are now supported for Claude Managed Agents. Sessions can be filtered by status, and events can be filtered by",mixed,C3_default_behavior,true,unknown,high,Both schema/protocol and semantic keywords matched; subclass=C3_default_behavior.,,,,,,,,
anthropic_b0f447baa1f4,Anthropic,unknown,Claude Managed Agents vault credential background refresh is now supported for mcp_oauth credentials. See Authenticate with vaults .,https://docs.anthropic.com/docs/en/managed-agents/vaults,Official changelog entry appears to combine schema/protocol edits with semantic behavior changes.,Webhooks for Claude Managed Agents are now supported. Webhook event types include session and vault lifecycle events. See Subscribe to webhooks . Additional filtering,mixed,C3_default_behavior,true,unknown,high,Both schema/protocol and semantic keywords matched; subclass=C3_default_behavior.,,,,,,,,
anthropic_be753b1a8ca7,Anthropic,unknown,Controlling thinking display,https://docs.anthropic.com/docs/en/build-with-claude/extended-thinking#controlling-thinking-display,Official changelog entry indicates a surface or representation change.,Controlling thinking display,A,none,unknown,unknown,low,Surface/representation keyword matched.,,,,,,,,
anthropic_bdcafb9317dd,Anthropic,unknown,"MCP tunnels is now available as a research preview, so you can connect to MCP servers in your private network.",https://docs.anthropic.com/docs/en/agents-and-tools/mcp-tunnels/overview,Official changelog entry indicates semantic behavior relevant to none.,"Self-hosted sandboxes are now available for Claude Managed Agents, as an alternative to running tool execution in Anthropic's infrastructure. See Self-hosted sandboxes . With",C,none,false,unknown,high,Semantic behavior keyword matched; subclass=none.,,,,,,,,
anthropic_56d8a804f4e1,Anthropic,unknown,"On the Claude API, you are no longer billed for a request when it returns stop_reason: ""refusal"" without Claude having generated any output. See Streaming refusals for detecting and handling refusals.",https://docs.anthropic.com/docs/en/test-and-evaluate/strengthen-guardrails/handle-streaming-refusals,Official changelog entry indicates semantic behavior relevant to C4_business_rule.,"On the Claude API, you are no longer billed for a request when it returns stop_reason: ""refusal"" without Claude having generated any output. See",C,C4_business_rule,false,unknown,high,Semantic behavior keyword matched; subclass=C4_business_rule.,,,,,,,,
anthropic_8cd8a700d1f8,Anthropic,unknown,"Self-hosted sandboxes are now available for Claude Managed Agents, as an alternative to running tool execution in Anthropic's infrastructure. See Self-hosted sandboxes .",https://docs.anthropic.com/docs/en/managed-agents/self-hosted-sandboxes,Official changelog entry indicates semantic behavior relevant to C3_default_behavior.,"With Claude Managed Agents, you can now update the agent's MCP server and tool configurations associated with an active session. With Claude Managed Agents,",C,C3_default_behavior,false,unknown,high,Semantic behavior keyword matched; subclass=C3_default_behavior.,,,,,,,,
anthropic_99c862f23cdf,Anthropic,unknown,Subscribe to webhooks,https://docs.anthropic.com/docs/en/managed-agents/webhooks,Official changelog entry indicates an operational or protocol behavior change.,Subscribe to webhooks,D,none,unknown,unknown,high,Protocol/operational keyword matched.,,,,,,,,
anthropic_7575e78f6524,Anthropic,unknown,"The code execution tool now supports code_execution_20260521 , which discloses the 90-second per-cell execution time limit in the tool description so Claude can budget long-running cells. No beta header is required.",https://docs.anthropic.com/docs/en/agents-and-tools/tool-use/code-execution-tool,Official changelog entry appears to combine schema/protocol edits with semantic behavior changes.,"The web search tool and web fetch tool now support web_search_20260318 and web_fetch_20260318 , adding a response_inclusion parameter to drop consumed result blocks from",mixed,C4_business_rule,true,True,high,Both schema/protocol and semantic keywords matched; subclass=C4_business_rule.,,,,,,,,
anthropic_56c5b3ffa9bc,Anthropic,unknown,"The web search tool now returns richer SEC filing data, making it easier to ground financial research agents, earnings analysis, and due-diligence workflows in primary sources with citations.",https://docs.anthropic.com/docs/en/agents-and-tools/tool-use/web-search-tool,Official changelog entry indicates semantic behavior relevant to none.,"The web search tool now returns richer SEC filing data, making it easier to ground financial research agents, earnings analysis, and due-diligence workflows in",C,none,false,unknown,high,Semantic behavior keyword matched; subclass=none.,,,,,,,,
anthropic_1176ccc97271,Anthropic,unknown,We announced Claude Mythos Preview is available as a gated research preview for defensive cybersecurity work as part of Project Glasswing . Access is invitation-only.,https://anthropic.com/glasswing,Official changelog entry indicates semantic behavior relevant to none.,The Messages API is now available on Amazon Bedrock as a research preview. The new Claude in Amazon Bedrock endpoint at /anthropic/v1/messages uses the,C,none,false,unknown,high,Semantic behavior keyword matched; subclass=none.,,,,,,,,
anthropic_4b3f93bb5a8f,Anthropic,unknown,"We've released the Rate Limits API , allowing administrators to programmatically query the rate limits configured for their organization and workspaces.",https://docs.anthropic.com/docs/en/manage-claude/rate-limits-api,Official changelog entry indicates an operational or protocol behavior change.,"We've released the Rate Limits API , allowing administrators to programmatically query the rate limits configured for their organization and workspaces.",D,none,unknown,unknown,high,Protocol/operational keyword matched.,,,,,,,,
anthropic_9eaa79c092d8,Anthropic,unknown,We've retired the Claude Haiku 3 model ( claude-3-haiku-20240307 ). All requests to this model will now return an error. We recommend upgrading to Claude Haiku 4.5 .,https://docs.anthropic.com/docs/en/about-claude/models/overview#latest-models-comparison,Official changelog entry appears to combine schema/protocol edits with semantic behavior changes.,We've retired the Claude Haiku 3 model ( claude-3-haiku-20240307 ). All requests to this model will now return an error. We recommend upgrading to,mixed,none,unknown,True,high,Both schema/protocol and semantic keywords matched; subclass=none.,,,,,,,,
anthropic_5eca0bc8da5d,Anthropic,unknown,Webhooks for Claude Managed Agents are now supported. Webhook event types include session and vault lifecycle events. See Subscribe to webhooks .,https://docs.anthropic.com/docs/en/managed-agents/webhooks,Official changelog entry appears to combine schema/protocol edits with semantic behavior changes.,"Additional filtering and sorting options are now supported for Claude Managed Agents. Sessions can be filtered by status, and events can be filtered by",mixed,C3_default_behavior,true,unknown,high,Both schema/protocol and semantic keywords matched; subclass=C3_default_behavior.,,,,,,,,
anthropic_2491922fc0f3,Anthropic,unknown,"With Claude Managed Agents, you can now update the agent's MCP server and tool configurations associated with an active session.",https://docs.anthropic.com/en/release-notes/api,Official changelog entry indicates semantic behavior relevant to C3_default_behavior.,"With Claude Managed Agents, large outputs from agent_toolset and MCP tools exceeding 100K tokens are now automatically spilled to a file in the sandbox.",C,C3_default_behavior,false,unknown,high,Semantic behavior keyword matched; subclass=C3_default_behavior.,,,,,,,,
github_40027443ef32,GitHub,"Fri, 19 Jun 2026 16:23:29 +0000",AI credits consumed per user now in the Copilot usage metrics API,https://github.blog/changelog/2026-06-19-ai-credits-consumed-per-user-now-in-the-copilot-usage-metrics-api,Official changelog entry indicates semantic behavior relevant to C4_business_rule.,"The Copilot usage metrics API now reports how many AI credits each user consumed per day, derived from the same AI credits consumption data",C,C4_business_rule,false,unknown,high,Semantic behavior keyword matched; subclass=C4_business_rule.,,,,,,,,
github_d4a036546a5f,GitHub,"Thu, 18 Jun 2026 14:06:18 +0000",Control who and what triggers GitHub Actions workflows,https://github.blog/changelog/2026-06-18-control-who-and-what-triggers-github-actions-workflows,Official changelog entry indicates semantic behavior relevant to none.,"Workflow execution protections are now in public preview for GitHub Enterprise, organizations, and repositories. This new capability lets enterprise administrators define an allow list",C,none,false,unknown,high,Semantic behavior keyword matched; subclass=none.,,,,,,,,
github_dc8b0356afef,GitHub,"Thu, 18 Jun 2026 14:06:55 +0000",Safer pull_request_target defaults for GitHub Actions checkout,https://github.blog/changelog/2026-06-18-safer-pull_request_target-defaults-for-github-actions-checkout,Official changelog entry indicates semantic behavior relevant to C3_default_behavior.,"The pull_request_target event is one of the most commonly misused triggers in GitHub Actions, leading to vulnerabilities in workflows. Workflows triggered by pull_request_target run",C,C3_default_behavior,false,unknown,high,Semantic behavior keyword matched; subclass=C3_default_behavior.,,,,,,,,
github_c1d0f8516586,GitHub,"Thu, 18 Jun 2026 15:32:44 +0000",Actions: Build custom images from custom images,https://github.blog/changelog/2026-06-18-actions-build-custom-images-from-custom-images,Official changelog entry indicates semantic behavior relevant to none.,Custom images for GitHub-hosted runners are getting new capabilities that give you more flexibility over how you compose and manage your image-generation pipelines. You,C,none,false,unknown,high,Semantic behavior keyword matched; subclass=none.,,,,,,,,
github_643c46147b6d,GitHub,"Thu, 18 Jun 2026 16:23:00 +0000",Repository switcher generally available in global navigation,https://github.blog/changelog/2026-06-18-repository-switcher-generally-available-in-global-navigation,Official changelog entry indicates semantic behavior relevant to none.,You can now quickly jump between repositories without leaving your current page. The new repository switcher in the global navigation is generally available. Select,C,none,false,unknown,high,Semantic behavior keyword matched; subclass=none.,,,,,,,,
github_c4cbeb499bbb,GitHub,"Thu, 18 Jun 2026 16:24:05 +0000",Copilot-authored pull requests now included in author searches,https://github.blog/changelog/2026-06-18-copilot-authored-pull-requests-now-included-in-author-searches,Official changelog entry indicates semantic behavior relevant to none.,"Searching for pull requests using author: now shows pull requests opened by Copilot cloud agent on the user’s behalf. For example, searching with author:@me",C,none,false,unknown,high,Semantic behavior keyword matched; subclass=none.,,,,,,,,
github_225a608267c5,GitHub,"Thu, 18 Jun 2026 18:04:33 +0000",Detecting Duplicate Issues – Public Preview and issue fields MCP support for GitHub Issues,https://github.blog/changelog/2026-06-18-duplicate-detection-and-issue-fields-mcp-support-for-github-issues,Official changelog entry indicates a schema-contract change.,"Duplicate issues are one of the biggest time sinks for maintainers: triaging the same bug filed multiple ways, closing duplicates, and linking back to",B,none,true,unknown,medium,Schema-contract keyword matched.,,,,,,,,
github_268f54f95c13,GitHub,"Thu, 18 Jun 2026 19:11:51 +0000",Copilot code review: AGENTS.md support and UI improvements,https://github.blog/changelog/2026-06-18-copilot-code-review-agents-md-support-and-ui-improvements,Official changelog entry indicates semantic behavior relevant to none.,"Copilot code review now supports repository-level AGENTS.md files, and it’s easier to request a review from Copilot on draft pull requests with the Request",C,none,false,unknown,high,Semantic behavior keyword matched; subclass=none.,,,,,,,,
github_77cba2844899,GitHub,"Thu, 18 Jun 2026 20:11:24 +0000",MAI-Code-1-Flash available on more Copilot surfaces,https://github.blog/changelog/2026-06-18-mai-code-1-flash-available-on-more-copilot-surfaces,Official changelog entry indicates semantic behavior relevant to none.,"MAI‑Code‑1‑Flash, Microsoft’s purpose‑built small coding model, is now available across additional GitHub Copilot surfaces. MAI‑Code‑1‑Flash can now be used in: Copilot CLI GitHub Copilot",C,none,false,unknown,high,Semantic behavior keyword matched; subclass=none.,,,,,,,,
github_7af2d4d077ef,GitHub,"Thu, 18 Jun 2026 23:58:34 +0000",Upcoming deprecation of Opus 4.6 (fast),https://github.blog/changelog/2026-06-18-upcoming-deprecation-of-opus-4-6-fast,Official changelog entry indicates an operational or protocol behavior change.,"We will deprecate Opus 4.6 (fast) across all GitHub Copilot experiences (including Copilot Chat, inline edits, ask and agent modes, and code completions), on",D,none,unknown,unknown,high,Protocol/operational keyword matched.,,,,,,,,
google_cloud_38d26ab006eb,Google Cloud,2026,"On June 18th, 2026, we began maintenance updates of Apigee instances configured for maintenance windows .",https://cloud.google.com/apigee/docs/api-platform/system-administration/maintenance-windows,Official changelog entry indicates a surface or representation change.,"If you set a preferred window for maintenance for your instance, and your instance version is below 1-17-0-apigee-9 , your instance will be updated",A,none,unknown,unknown,low,Surface/representation keyword matched.,,,,,,,,
google_cloud_278cd57287d3,Google Cloud,unknown,Agent Observability is generally available (GA),https://cloud.google.com/release-notes,Official changelog entry indicates semantic behavior relevant to C3_default_behavior.,"This release provides visibility into the performance, behavior, and health of deployed agents and Model Context Protocol (MCP) servers directly within the agent management",C,C3_default_behavior,false,unknown,high,Semantic behavior keyword matched; subclass=C3_default_behavior.,,,,,,,,
google_cloud_705d5e8885a6,Google Cloud,unknown,"Cloud SQL for MySQL now supports minor version 8.0.46 . To upgrade your existing instance to the new minor version, see Upgrade the database minor version .",https://dev.mysql.com/doc/relnotes/mysql/8.0/en/news-8-0-46.html,Official changelog entry indicates semantic behavior relevant to none.,"Cloud SQL for MySQL now supports minor version 8.0.46 . To upgrade your existing instance to the new minor version, see Upgrade the database",C,none,false,unknown,high,Semantic behavior keyword matched; subclass=none.,,,,,,,,
google_cloud_c98a199d2e09,Google Cloud,unknown,Collect and view multimodal prompts and responses,https://cloud.google.com/trace/docs/collect-view-multimodal-prompts-responses,Official changelog entry indicates a schema-contract change.,Collect and view multimodal prompts and responses,B,none,true,True,medium,Schema-contract keyword matched.,,,,,,,,
google_cloud_d9b418a958de,Google Cloud,unknown,"For 4xx client-side quota failures, API Gateway will now reject requests (fail closed). This applies to both gRPC and OpenAPI API Gateways.",https://cloud.google.com/release-notes,Official changelog entry appears to combine schema/protocol edits with semantic behavior changes.,"For 4xx client-side quota failures, API Gateway will now reject requests (fail closed). This applies to both gRPC and OpenAPI API Gateways.",mixed,none,unknown,unknown,high,Both schema/protocol and semantic keywords matched; subclass=none.,,,,,,,,
google_cloud_7dc46291e4be,Google Cloud,unknown,"For more information on participating in scheduled maintenance windows, see Maintenance overview and Manage Apigee instance maintenance windows .",https://cloud.google.com/apigee/docs/api-platform/system-administration/maintenance,Official changelog entry indicates a surface or representation change.,"For more information on participating in scheduled maintenance windows, see Maintenance overview and Manage Apigee instance maintenance windows .",A,none,unknown,unknown,low,Surface/representation keyword matched.,,,,,,,,
google_cloud_1c71690270d7,Google Cloud,unknown,"For more information, see Build vibe-coded applications using Google AI Studio and Cloud SQL .",https://cloud.google.com/sql/docs/postgres/ai-assisted-coding-and-cloud-sql,Official changelog entry indicates a surface or representation change.,This feature is generally available ( GA ).,A,none,unknown,unknown,low,Surface/representation keyword matched.,,,,,,,,
google_cloud_31c60ee6dc96,Google Cloud,unknown,"For more information, see:",https://cloud.google.com/release-notes,Official changelog entry indicates a surface or representation change.,Workflow agents Manage web app features,A,none,unknown,unknown,low,Surface/representation keyword matched.,,,,,,,,
google_cloud_5553ea9a02c3,Google Cloud,unknown,"If you experience any other differences in behavior due to this update, contact Google Cloud Customer Care .",https://cloud.google.com/support-hub,Official changelog entry indicates semantic behavior relevant to C3_default_behavior.,Note : Rollouts of this release to production instances might take up to 4 weeks to complete across all Google Cloud zones. Your instances,C,C3_default_behavior,false,unknown,high,Semantic behavior keyword matched; subclass=C3_default_behavior.,,,,,,,,
google_cloud_678536992264,Google Cloud,unknown,Instrument generative AI applications,https://cloud.google.com/stackdriver/docs/instrumentation/ai-agent-overview,Official changelog entry indicates a schema-contract change.,Collect and view multimodal prompts and responses,B,none,true,True,medium,Schema-contract keyword matched.,,,,,,,,
google_cloud_3565a3296854,Google Cloud,unknown,Release 6.3.89 is now available for all regions.,https://cloud.google.com/chronicle/docs/soar/release-notes#June_14_2026,Official changelog entry indicates semantic behavior relevant to C2_currency_locale.,Release 6.3.89 is now available for all regions.,C,C2_currency_locale,false,unknown,high,Semantic behavior keyword matched; subclass=C2_currency_locale.,,,,,,,,
google_cloud_f8999df5016c,Google Cloud,unknown,Status code changes for gRPC API Gateways Error New status code Previous status code Quota exceeded ResourceExhausted Unavailable Invalid API key InvalidArgument InternalError,https://cloud.google.com/release-notes,Official changelog entry appears to combine schema/protocol edits with semantic behavior changes.,"For 4xx client-side quota failures, API Gateway will now reject requests (fail closed). This applies to both gRPC and OpenAPI API Gateways.",mixed,none,unknown,True,high,Both schema/protocol and semantic keywords matched; subclass=none.,,,,,,,,
google_cloud_6756c60dbd5d,Google Cloud,unknown,The API Gateway runtime architecture is being updated to improve its integration with Google Cloud Platform and its services.,https://cloud.google.com/release-notes,Official changelog entry appears to combine schema/protocol edits with semantic behavior changes.,"This update does not affect existing API Gateway features. However, be aware of the following differences: Status code changes for gRPC API Gateways Error",mixed,none,unknown,True,high,Both schema/protocol and semantic keywords matched; subclass=none.,,,,,,,,
google_cloud_b6a6439389b8,Google Cloud,unknown,"The Cloud Logging API adds support for the ca regional endpoint. For a complete list of regional endpoints, see the REST reference pages .",https://cloud.google.com/logging/docs/reference/v2/rest?rep_location=global,Official changelog entry indicates semantic behavior relevant to C2_currency_locale.,"The Cloud Logging API adds support for the ca regional endpoint. For a complete list of regional endpoints, see the REST reference pages .",C,C2_currency_locale,false,unknown,high,Semantic behavior keyword matched; subclass=C2_currency_locale.,,,,,,,,
google_cloud_7b0ca9dcd5d3,Google Cloud,unknown,"This release provides visibility into the performance, behavior, and health of deployed agents and Model Context Protocol (MCP) servers directly within the agent management workflow.",https://cloud.google.com/release-notes,Official changelog entry appears to combine schema/protocol edits with semantic behavior changes.,Key updates in this release include: Default-On Tracing: OpenTelemetry tracing is now enabled by default for newly deployed Agent Development Kit (ADK) agents on,mixed,C3_default_behavior,true,True,high,Both schema/protocol and semantic keywords matched; subclass=C3_default_behavior.,,,,,,,,
google_cloud_88d8527d8395,Google Cloud,unknown,"This update does not affect existing API Gateway features. However, be aware of the following differences:",https://cloud.google.com/release-notes,Official changelog entry appears to combine schema/protocol edits with semantic behavior changes.,Status code changes for gRPC API Gateways Error New status code Previous status code Quota exceeded ResourceExhausted Unavailable Invalid API key InvalidArgument InternalError For,mixed,C3_default_behavior,unknown,True,high,Both schema/protocol and semantic keywords matched; subclass=C3_default_behavior.,,,,,,,,
google_cloud_8857c1b91619,Google Cloud,unknown,"You can collect, view, and analyze multimodal prompts and responses from your agentic applications that use the LangGraph or Agent Development Kit (ADK) frameworks. This feature is generally available (GA) .",https://cloud.google.com/products#product-launch-stages,Official changelog entry indicates a schema-contract change.,Instrument generative AI applications Collect and view multimodal prompts and responses,B,none,true,True,medium,Schema-contract keyword matched.,,,,,,,,
google_cloud_4693234e9963,Google Cloud,unknown,"You can use the Bigtable Studio explorer to search for all resources except for authorized views and column families. For more information, see Manage your data using Bigtable Studio .",https://cloud.google.com/bigtable/docs/manage-data-using-console,Official changelog entry indicates a surface or representation change.,"You can use the Bigtable Studio explorer to search for all resources except for authorized views and column families. For more information, see Manage",A,none,unknown,unknown,low,Surface/representation keyword matched.,,,,,,,,
openai_2e05a60dda63,OpenAI,unknown,ChatGPT Actions Introduction Getting started Actions library Authentication Production Data retrieval Sending files,https://platform.openai.com/api/docs/actions/introduction,Official changelog entry indicates an operational or protocol behavior change.,ChatGPT Actions Introduction Getting started Actions library Authentication Production Data retrieval Sending files,D,none,unknown,unknown,high,Protocol/operational keyword matched.,,,,,,,,
openai_bc52d834fd8b,OpenAI,unknown,Citation formatting,https://platform.openai.com/api/docs/guides/citation-formatting,Official changelog entry indicates a surface or representation change.,Migration guide,A,none,unknown,unknown,low,Surface/representation keyword matched.,,,,,,,,
openai_e17eb62dbde0,OpenAI,unknown,Connection methods WebRTC WebSocket SIP,https://platform.openai.com/api/docs/guides/realtime-webrtc,Official changelog entry indicates an operational or protocol behavior change.,Realtime sessions Managing conversations Voice activity detection Realtime with tools Webhooks and server-side controls Managing costs,D,none,unknown,unknown,high,Protocol/operational keyword matched.,,,,,,,,
openai_b6eed21d40ef,OpenAI,unknown,Context management Compaction Counting tokens Prompt caching,https://platform.openai.com/api/docs/guides/compaction,Official changelog entry indicates a surface or representation change.,Prompting Overview Prompt engineering Citation formatting Migration guide Reasoning Reasoning models Reasoning best practices,A,none,unknown,unknown,low,Surface/representation keyword matched.,,,,,,,,
openai_0f9f6f3e475b,OpenAI,unknown,File search and retrieval File search Retrieval,https://platform.openai.com/api/docs/guides/tools-file-search,Official changelog entry indicates semantic behavior relevant to none.,Tool search More tools Apply Patch Local shell Image generation Code interpreter,C,none,false,unknown,high,Semantic behavior keyword matched; subclass=none.,,,,,,,,
openai_833631b6149d,OpenAI,unknown,MCP for deep research,https://platform.openai.com/api/docs/mcp,Official changelog entry indicates an operational or protocol behavior change.,Developer mode ChatGPT Actions Introduction Getting started Actions library Authentication Production Data retrieval Sending files,D,none,unknown,unknown,high,Protocol/operational keyword matched.,,,,,,,,
openai_a514fdb1cd7a,OpenAI,unknown,More tools Apply Patch Local shell Image generation Code interpreter,https://platform.openai.com/api/docs/guides/tools-apply-patch,Official changelog entry indicates semantic behavior relevant to none.,More tools Apply Patch Local shell Image generation Code interpreter,C,none,false,unknown,high,Semantic behavior keyword matched; subclass=none.,,,,,,,,
openai_8045b6cc703e,OpenAI,unknown,Prompt engineering,https://platform.openai.com/api/docs/guides/prompt-engineering,Official changelog entry indicates a surface or representation change.,Citation formatting Migration guide,A,none,unknown,unknown,low,Surface/representation keyword matched.,,,,,,,,
openai_2d1b2041f41f,OpenAI,unknown,Prompting Overview Prompt engineering Citation formatting Migration guide,https://platform.openai.com/api/docs/guides/prompting,Official changelog entry indicates a surface or representation change.,Reasoning Reasoning models Reasoning best practices,A,none,unknown,unknown,low,Surface/representation keyword matched.,,,,,,,,
openai_a4a9ac12a0d4,OpenAI,unknown,Realtime and audio,https://platform.openai.com/docs/changelog,Official changelog entry indicates an operational or protocol behavior change.,Overview Voice agents Live translation Transcription Realtime transcription Speech to text Speech generation Realtime prompting guide Connection methods WebRTC WebSocket SIP Realtime sessions Managing,D,none,unknown,unknown,high,Protocol/operational keyword matched.,,,,,,,,
openai_b7bc903a326e,OpenAI,unknown,Realtime prompting guide,https://platform.openai.com/api/docs/guides/realtime-models-prompting,Official changelog entry indicates an operational or protocol behavior change.,Connection methods WebRTC WebSocket SIP Realtime sessions Managing conversations Voice activity detection Realtime with tools Webhooks and server-side controls Managing costs,D,none,unknown,unknown,high,Protocol/operational keyword matched.,,,,,,,,
openai_e3d691177a2e,OpenAI,unknown,Realtime sessions Managing conversations Voice activity detection Realtime with tools Webhooks and server-side controls Managing costs,https://platform.openai.com/api/docs/guides/realtime-conversations,Official changelog entry indicates an operational or protocol behavior change.,Realtime sessions Managing conversations Voice activity detection Realtime with tools Webhooks and server-side controls Managing costs,D,none,unknown,unknown,high,Protocol/operational keyword matched.,,,,,,,,
openai_7a063b6dbfec,OpenAI,unknown,Realtime with tools,https://platform.openai.com/api/docs/guides/realtime-mcp,Official changelog entry indicates an operational or protocol behavior change.,Webhooks and server-side controls Managing costs,D,none,unknown,unknown,high,Protocol/operational keyword matched.,,,,,,,,
openai_30f54296dac8,OpenAI,unknown,Search the API docs,https://platform.openai.com/docs/changelog,Official changelog entry indicates a schema-contract change.,Search docs Suggested responses create reasoning_effort realtime prompt caching,B,none,true,True,medium,Schema-contract keyword matched.,,,,,,,,
openai_a22bbf01dde3,OpenAI,unknown,Voice activity detection,https://platform.openai.com/api/docs/guides/realtime-vad,Official changelog entry indicates an operational or protocol behavior change.,Realtime with tools Webhooks and server-side controls,D,none,unknown,unknown,high,Protocol/operational keyword matched.,,,,,,,,
openai_8cfb30b425ad,OpenAI,unknown,Webhooks and server-side controls,https://platform.openai.com/api/docs/guides/realtime-server-controls,Official changelog entry indicates an operational or protocol behavior change.,Managing costs,D,none,unknown,unknown,high,Protocol/operational keyword matched.,,,,,,,,
shopify_dd1460b567d2,Shopify,2026-07,"Admin GraphQL API 2026-07 allows defining and setting metafields directly in inventory transfers, streamlining custom data integration without separate metafieldsSet calls.",https://shopify.dev/changelog,Official changelog entry indicates a schema-contract change.,"Admin GraphQL API 2026-07 allows defining and setting metafields directly in inventory transfers, streamlining custom data integration without separate metafieldsSet calls.",B,none,true,unknown,medium,Schema-contract keyword matched.,,,,,,,,
shopify_551df4b7707c,Shopify,2026-07,Admin GraphQL API now supports app-owned delivery profiles that cover all shippable items,https://shopify.dev/changelog/admin-graphql-api-now-supports-app-owned-delivery-profiles-that-cover-all-shippable-items,Official changelog entry appears to combine schema/protocol edits with semantic behavior changes.,New Admin GraphQL 2026-07 field coversAllItems for app-owned shipping delivery profiles lets authorized apps apply rates to all shippable items without per-product assignment Read,mixed,none,true,unknown,high,Both schema/protocol and semantic keywords matched; subclass=none.,,,,,,,,
shopify_240fd24609e8,Shopify,2026-07,Define and set metafields on inventory transfers in the GraphQL Admin API,https://shopify.dev/changelog/define-and-set-metafields-on-inventory-transfers-in-the-admin-graphql-api,Official changelog entry indicates a schema-contract change.,"Admin GraphQL API 2026-07 allows defining and setting metafields directly in inventory transfers, streamlining custom data integration without separate metafieldsSet calls. Read full post",B,none,true,unknown,medium,Schema-contract keyword matched.,,,,,,,,
shopify_59e348cfaf47,Shopify,2026-07,"June 17, 2026 Tags: Admin GraphQL API Bulk queries now execute up to 4X faster Shopify bulk queries are now up to 4X faster for exporting large datasets. Read full post –>",https://shopify.dev/changelog/bulk-queries-now-execute-faster,Official changelog entry appears to combine schema/protocol edits with semantic behavior changes.,"June 17, 2026 Tags: Themes Color palettes in Themes A new color _palette setting type lets themes define a flat list of colors that",mixed,none,true,unknown,high,Both schema/protocol and semantic keywords matched; subclass=none.,,,,,,,,
shopify_78a263e9d119,Shopify,2026-07,"June 17, 2026 Tags: Hydrogen Hydrogen developer preview The next version of Hydrogen allows you to use Shopify's commerce primitives in any JavaScript framework. Now available as a developer preview. Read full post –>",https://shopify.dev/changelog/hydrogen-developer-preview,Official changelog entry appears to combine schema/protocol edits with semantic behavior changes.,"June 17, 2026 Tags: Shopify App Store New App Store requirements for Sidekick app extensions New Shopify rules for Sidekick extensions: must match core",mixed,C4_business_rule,true,unknown,high,Both schema/protocol and semantic keywords matched; subclass=C4_business_rule.,,,,,,,,
shopify_5bc025496f01,Shopify,2026-07,New Admin GraphQL 2026-07 field coversAllItems for app-owned shipping delivery profiles lets authorized apps apply rates to all shippable items without per-product assignment,https://shopify.dev/changelog,Official changelog entry indicates a schema-contract change.,New Admin GraphQL 2026-07 field coversAllItems for app-owned shipping delivery profiles lets authorized apps apply rates to all shippable items without per-product assignment,B,none,true,unknown,medium,Schema-contract keyword matched.,,,,,,,,
shopify_640b3cf754ae,Shopify,2026-10,ITEM_NOT_STOCKED_AT_LOCATION error removed from inventory APIs in 2026-10. Apps can drop handling for this obsolete error as inventory is adjustable at any location.,https://shopify.dev/changelog,Official changelog entry indicates a schema-contract change.,ITEM_NOT_STOCKED_AT_LOCATION error removed from inventory APIs in 2026-10. Apps can drop handling for this obsolete error as inventory is adjustable at any location.,B,none,true,True,medium,Schema-contract keyword matched.,,,,,,,,
shopify_85b860bd5842,Shopify,2026-10,Removal of ITEM_NOT_STOCKED_AT_LOCATION error,https://shopify.dev/changelog/removal-of-itemnotstockedatlocation-error,Official changelog entry indicates a schema-contract change.,ITEM_NOT_STOCKED_AT_LOCATION error removed from inventory APIs in 2026-10. Apps can drop handling for this obsolete error as inventory is adjustable at any location. Read,B,none,true,True,medium,Schema-contract keyword matched.,,,,,,,,
shopify_905e9090a453,Shopify,unknown,"A new color _palette setting type lets themes define a flat list of colors that merchants edit directly, replacing color schemes as the recommended approach.",https://shopify.dev/changelog,Official changelog entry indicates a schema-contract change.,"A new color _palette setting type lets themes define a flat list of colors that merchants edit directly, replacing color schemes as the recommended",B,none,true,unknown,medium,Schema-contract keyword matched.,,,,,,,,
shopify_ae87e89dea9d,Shopify,unknown,App discount UI extensions can now configure purchaseType and recurringCycleLimit through the discounts plugin to control subscription behavior.,https://shopify.dev/changelog,Official changelog entry appears to combine schema/protocol edits with semantic behavior changes.,App discount UI extensions can now configure purchaseType and recurringCycleLimit through the discounts plugin to control subscription behavior.,mixed,C3_default_behavior,true,unknown,high,Both schema/protocol and semantic keywords matched; subclass=C3_default_behavior.,,,,,,,,
shopify_6bd7c975c41c,Shopify,unknown,Apps can now open Shopify’s file picker with the Intents API,https://shopify.dev/changelog/intents-api-file-picker,Official changelog entry indicates semantic behavior relevant to none.,Use the Intents API with pick:shopify /File to let merchants choose files from their Shopify file library. Read full post –>,C,none,false,unknown,high,Semantic behavior keyword matched; subclass=none.,,,,,,,,
shopify_8b9f103d8bd9,Shopify,unknown,Bulk queries now execute up to 4X faster,https://shopify.dev/changelog/bulk-queries-now-execute-faster,Official changelog entry indicates semantic behavior relevant to none.,Shopify bulk queries are now up to 4X faster for exporting large datasets. Read full post –>,C,none,false,unknown,high,Semantic behavior keyword matched; subclass=none.,,,,,,,,
shopify_dd2c4bd716d3,Shopify,unknown,Color palettes in Themes,https://shopify.dev/changelog/color-palettes,Official changelog entry indicates a schema-contract change.,"A new color _palette setting type lets themes define a flat list of colors that merchants edit directly, replacing color schemes as the recommended",B,none,true,unknown,medium,Schema-contract keyword matched.,,,,,,,,
shopify_96a98c64a026,Shopify,unknown,"Flow action URLs now support relative paths, enabling you to more easily use tunnels during local development.",https://shopify.dev/changelog,Official changelog entry indicates semantic behavior relevant to none.,"Flow action URLs now support relative paths, enabling you to more easily use tunnels during local development.",C,none,false,unknown,high,Semantic behavior keyword matched; subclass=none.,,,,,,,,
shopify_dab8dc0a05c4,Shopify,unknown,Flow action extensions now support relative paths for endpoint URLs,https://shopify.dev/changelog/flow-action-extensions-now-support-relative-paths-for-endpoint-urls,Official changelog entry indicates semantic behavior relevant to none.,"Flow action URLs now support relative paths, enabling you to more easily use tunnels during local development. Read full post –>",C,none,false,unknown,high,Semantic behavior keyword matched; subclass=none.,,,,,,,,
shopify_34fd7b7b9cac,Shopify,unknown,Hydrogen developer preview,https://shopify.dev/changelog/hydrogen-developer-preview,Official changelog entry indicates semantic behavior relevant to none.,The next version of Hydrogen allows you to use Shopify's commerce primitives in any JavaScript framework. Now available as a developer preview. Read full,C,none,false,unknown,high,Semantic behavior keyword matched; subclass=none.,,,,,,,,
shopify_775f026d5425,Shopify,unknown,New purchaseType and recurringCycleLimit fields in the discounts API for discount UI extensions,https://shopify.dev/changelog/new-purchasetype-and-recurringcyclelimit-fields-available-in-the-discount-ui-extension-api,Official changelog entry appears to combine schema/protocol edits with semantic behavior changes.,App discount UI extensions can now configure purchaseType and recurringCycleLimit through the discounts plugin to control subscription behavior. Read full post –>,mixed,C3_default_behavior,true,unknown,high,Both schema/protocol and semantic keywords matched; subclass=C3_default_behavior.,,,,,,,,
shopify_f647dc68ea4b,Shopify,unknown,Purchase-type filtering now enforced for app discounts,https://shopify.dev/changelog/purchase-type-filtering-now-enforced-for-app-discounts,Official changelog entry appears to combine schema/protocol edits with semantic behavior changes.,The appliesOnSubscription and appliesOnOneTimePurchase fields on app discounts are now enforced at checkout. Existing discounts are unaffected. Read full post –>,mixed,none,true,unknown,high,Both schema/protocol and semantic keywords matched; subclass=none.,,,,,,,,
shopify_170fc228a70c,Shopify,unknown,Shopify bulk queries are now up to 4X faster for exporting large datasets.,https://shopify.dev/changelog,Official changelog entry indicates semantic behavior relevant to none.,Shopify bulk queries are now up to 4X faster for exporting large datasets.,C,none,false,unknown,high,Semantic behavior keyword matched; subclass=none.,,,,,,,,
shopify_6117191b1ab0,Shopify,unknown,The appliesOnSubscription and appliesOnOneTimePurchase fields on app discounts are now enforced at checkout. Existing discounts are unaffected.,https://shopify.dev/changelog,Official changelog entry appears to combine schema/protocol edits with semantic behavior changes.,The appliesOnSubscription and appliesOnOneTimePurchase fields on app discounts are now enforced at checkout. Existing discounts are unaffected.,mixed,none,true,unknown,high,Both schema/protocol and semantic keywords matched; subclass=none.,,,,,,,,
slack_d13487ca42fe,Slack,unknown,"Checks the username field for ""Slackbot"" to identify system notifications, or",https://docs.slack.dev/changelog/,Official changelog entry indicates a schema-contract change.,Uses the chat.postMessage API method or related API methods and expects system notifications to route through Slackbot,B,none,true,unknown,medium,Schema-contract keyword matched.,,,,,,,,
slack_3e1cfc0058b6,Slack,unknown,Dynamic Client Registration : for MCP servers that support standard OAuth discovery. Slack handles client registration automatically.,https://docs.slack.dev/changelog/,Official changelog entry indicates semantic behavior relevant to C3_default_behavior.,Manual OAuth : for MCP servers where you manually register OAuth credentials with the provider.,C,C3_default_behavior,false,unknown,high,Semantic behavior keyword matched; subclass=C3_default_behavior.,,,,,,,,
slack_e59dfb5814e2,Slack,unknown,"Filters incoming messages or events by Slackbot's user ID,",https://docs.slack.dev/changelog/,Official changelog entry indicates a schema-contract change.,"Checks the username field for ""Slackbot"" to identify system notifications, or Uses the chat.postMessage API method or related API methods and expects system notifications",B,none,true,unknown,medium,Schema-contract keyword matched.,,,,,,,,
slack_9689f44cfc80,Slack,unknown,Four authentication methods are available for connecting to MCP servers:,https://docs.slack.dev/changelog/,Official changelog entry appears to combine schema/protocol edits with semantic behavior changes.,"Slack identity auth : for MCP servers that map Slack user and team IDs to available features, with no separate OAuth flow required for",mixed,C3_default_behavior,true,True,high,Both schema/protocol and semantic keywords matched; subclass=C3_default_behavior.,,,,,,,,
slack_61ac4b2cc8c9,Slack,unknown,If your app or integration:,https://docs.slack.dev/changelog/,Official changelog entry indicates a schema-contract change.,"Filters incoming messages or events by Slackbot's user ID, Checks the username field for ""Slackbot"" to identify system notifications, or Uses the chat.postMessage API",B,none,true,unknown,medium,Schema-contract keyword matched.,,,,,,,,
slack_1e8ef5d76987,Slack,unknown,No action required if your integration does not reference Slackbot's user ID or username in its logic.,https://docs.slack.dev/changelog/,Official changelog entry indicates a schema-contract change.,No action required if your integration does not reference Slackbot's user ID or username in its logic.,B,none,true,unknown,medium,Schema-contract keyword matched.,,,,,,,,
slack_51890d89e2e0,Slack,unknown,No auth : for MCP servers that serve standard responses regardless of requestor.,https://docs.slack.dev/changelog/,Official changelog entry appears to combine schema/protocol edits with semantic behavior changes.,Dynamic Client Registration : for MCP servers that support standard OAuth discovery. Slack handles client registration automatically. Manual OAuth : for MCP servers where,mixed,C3_default_behavior,true,True,high,Both schema/protocol and semantic keywords matched; subclass=C3_default_behavior.,,,,,,,,
slack_a49f1e9fa51f,Slack,unknown,"Note: User-authored messages sent directly to Slackbot (e.g., messages you typed into the Slackbot conversation) are not affected by this change.",https://docs.slack.dev/changelog/,Official changelog entry indicates a schema-contract change.,What this means for developers ​ If your app or integration:,B,none,true,unknown,medium,Schema-contract keyword matched.,,,,,,,,
slack_2429815a5b8f,Slack,unknown,"Slack identity auth : for MCP servers that map Slack user and team IDs to available features, with no separate OAuth flow required for end users.",https://docs.slack.dev/changelog/,Official changelog entry appears to combine schema/protocol edits with semantic behavior changes.,No auth : for MCP servers that serve standard responses regardless of requestor. Dynamic Client Registration : for MCP servers that support standard OAuth,mixed,C3_default_behavior,true,True,high,Both schema/protocol and semantic keywords matched; subclass=C3_default_behavior.,,,,,,,,
slack_dda484583e3f,Slack,unknown,"Slack system notifications (such as channel membership changes, User Group updates, Slack Connect alerts, and retention policy notices) are now delivered from the ""Slack"" system user ( USLACK ) instead of Slackbot.",https://docs.slack.dev/changelog/,Official changelog entry indicates semantic behavior relevant to C4_business_rule.,"What's changing ​ Previously, system-generated notifications were sent as direct messages from Slackbot. Now that Slackbot is the home for AI conversations in Slack,",C,C4_business_rule,false,unknown,high,Semantic behavior keyword matched; subclass=C4_business_rule.,,,,,,,,
slack_c0d757d49186,Slack,unknown,The Slack CLI now supports mcp_server manifest fields for connecting MCP servers to the Slackbot MCP Client .,https://docs.slack.dev/ai/slackbot-mcp-client/,Official changelog entry appears to combine schema/protocol edits with semantic behavior changes.,The Slack CLI now supports mcp_server manifest fields for connecting MCP servers to the Slackbot MCP Client .,mixed,none,true,unknown,high,Both schema/protocol and semantic keywords matched; subclass=none.,,,,,,,,
slack_c7a7c6c7a21f,Slack,unknown,"The Slackbot MCP Client allows developers to connect MCP servers to Slack. Once connected, Slackbot will automatically discover your MCP server's tools and invoke them based on user prompts in conversation.",https://modelcontextprotocol.io/,Official changelog entry appears to combine schema/protocol edits with semantic behavior changes.,Four authentication methods are available for connecting to MCP servers: Slack identity auth : for MCP servers that map Slack user and team IDs,mixed,C3_default_behavior,true,True,high,Both schema/protocol and semantic keywords matched; subclass=C3_default_behavior.,,,,,,,,
slack_8dcade4f3d77,Slack,unknown,The slack create command now accepts the --app flag to scaffold a project and automatically link it to an existing app.,https://docs.slack.dev/changelog/,Official changelog entry appears to combine schema/protocol edits with semantic behavior changes.,"The slack external-auth add-secret command is now available to all apps, not just Slack-hosted apps. The Slack CLI now supports mcp_server manifest fields for",mixed,C3_default_behavior,true,unknown,high,Both schema/protocol and semantic keywords matched; subclass=C3_default_behavior.,,,,,,,,
slack_c65cab66fe95,Slack,unknown,"The slack external-auth add-secret command is now available to all apps, not just Slack-hosted apps.",https://docs.slack.dev/changelog/,Official changelog entry appears to combine schema/protocol edits with semantic behavior changes.,The Slack CLI now supports mcp_server manifest fields for connecting MCP servers to the Slackbot MCP Client .,mixed,none,true,unknown,high,Both schema/protocol and semantic keywords matched; subclass=none.,,,,,,,,
slack_97cd18d412f1,Slack,unknown,Version 4.3.0 of the Slack CLI is here!,https://docs.slack.dev/changelog/,Official changelog entry appears to combine schema/protocol edits with semantic behavior changes.,The slack create command now accepts the --app flag to scaffold a project and automatically link it to an existing app. The slack external-auth,mixed,C3_default_behavior,true,unknown,high,Both schema/protocol and semantic keywords matched; subclass=C3_default_behavior.,,,,,,,,
slack_2dfe062fa63a,Slack,unknown,"We're excited to introduce you to the Slackbot MCP Client, which gives you the ability to superpower Slackbot with your desired tools.",https://docs.slack.dev/changelog/,Official changelog entry appears to combine schema/protocol edits with semantic behavior changes.,"The Slackbot MCP Client allows developers to connect MCP servers to Slack. Once connected, Slackbot will automatically discover your MCP server's tools and invoke",mixed,C3_default_behavior,unknown,unknown,high,Both schema/protocol and semantic keywords matched; subclass=C3_default_behavior.,,,,,,,,
slack_3f1695244fb2,Slack,unknown,What this means for developers ​,https://docs.slack.dev/changelog/#what-this-means-for-developers,Official changelog entry indicates a schema-contract change.,"If your app or integration: Filters incoming messages or events by Slackbot's user ID, Checks the username field for ""Slackbot"" to identify system notifications,",B,none,true,unknown,medium,Schema-contract keyword matched.,,,,,,,,
slack_d639354a1592,Slack,unknown,"then you should update your integration to handle the new ""Slack"" system user ( USLACK ) instead.",https://docs.slack.dev/changelog/,Official changelog entry indicates a schema-contract change.,No action required if your integration does not reference Slackbot's user ID or username in its logic.,B,none,true,unknown,medium,Schema-contract keyword matched.,,,,,,,,
square_9d9e88bc1da2,Square,unknown,Gift Card Activities API,https://developer.squareup.com/docs/changelog/connect,Official changelog entry indicates semantic behavior relevant to C4_business_rule.,In-App Payments SDK Refunds API,C,C4_business_rule,false,unknown,high,Semantic behavior keyword matched; subclass=C4_business_rule.,,,,,,,,
square_621d6c8974ba,Square,unknown,In-App Payments SDK,https://developer.squareup.com/docs/changelog/connect,Official changelog entry indicates semantic behavior relevant to C4_business_rule.,Web Payments SDK Payments API,C,C4_business_rule,false,unknown,high,Semantic behavior keyword matched; subclass=C4_business_rule.,,,,,,,,
square_18542d0a7c21,Square,unknown,Mobile Payments SDK,https://developer.squareup.com/docs/changelog/connect,Official changelog entry indicates semantic behavior relevant to C4_business_rule.,Node.js Reader SDK,C,C4_business_rule,false,unknown,high,Semantic behavior keyword matched; subclass=C4_business_rule.,,,,,,,,
square_95168d19496f,Square,unknown,Square Payment Form,https://developer.squareup.com/docs/changelog/connect,Official changelog entry indicates semantic behavior relevant to C4_business_rule.,Documentation BETA,C,C4_business_rule,false,unknown,high,Semantic behavior keyword matched; subclass=C4_business_rule.,,,,,,,,
square_b4369ed17d78,Square,unknown,Webhook Subscriptions API,https://developer.squareup.com/docs/changelog/connect,Official changelog entry indicates an operational or protocol behavior change.,BETA,D,none,unknown,unknown,high,Protocol/operational keyword matched.,,,,,,,,
stripe_4f9b0912ec37,Stripe,2026-04-22,Adds Blik as a supported payment method for recurring payments in Stripe Billing,https://docs.stripe.com/changelog/dahlia/2026-04-22/stripe-billing-blik-recurring-payments.md,Official changelog entry indicates semantic behavior relevant to C4_business_rule.,"Billing, Checkout | Non-breaking | api",C,C4_business_rule,false,unknown,high,Semantic behavior keyword matched; subclass=C4_business_rule.,,,,,,,,
stripe_d8c8dec19032,Stripe,2026-04-22,Adds credential reuse for Global Payouts with Accounts v2,https://docs.stripe.com/changelog/dahlia/2026-04-22/credential-reuse-with-accounts-v2.md,Official changelog entry indicates semantic behavior relevant to C4_business_rule.,"Payouts, Payments, Billing, Connect | Non-breaking | api",C,C4_business_rule,false,unknown,high,Semantic behavior keyword matched; subclass=C4_business_rule.,,,,,,,,
stripe_a603a18cd087,Stripe,2026-04-22,Adds support for automatic surcharge calculations on Checkout Sessions,https://docs.stripe.com/changelog/dahlia/2026-04-22/checkout-sessions-automatic-surcharge.md,Official changelog entry indicates semantic behavior relevant to C3_default_behavior.,Checkout | Non-breaking | api,C,C3_default_behavior,false,unknown,high,Semantic behavior keyword matched; subclass=C3_default_behavior.,,,,,,,,
stripe_4bdcd31fc6b9,Stripe,2026-04-22,Adds the Shared Payment Granted Token for managing payment methods shared by agents,https://docs.stripe.com/changelog/dahlia/2026-04-22/shared-payment-granted-token.md,Official changelog entry indicates semantic behavior relevant to C4_business_rule.,All products | Non-breaking | api,C,C4_business_rule,false,unknown,high,Semantic behavior keyword matched; subclass=C4_business_rule.,,,,,,,,
stripe_0575229a869d,Stripe,2026-04-22,Adds the SharedPaymentIssuedToken resource to allow agents to give sellers scoped access to a customer’s credentials,https://docs.stripe.com/changelog/dahlia/2026-04-22/shared-payment-issued-token.md,Official changelog entry appears to combine schema/protocol edits with semantic behavior changes.,Payments | Non-breaking | api,mixed,C4_business_rule,unknown,unknown,high,Both schema/protocol and semantic keywords matched; subclass=C4_business_rule.,,,,,,,,
stripe_e6d5697525ed,Stripe,2026-04-22,Adds the Stripe fee tax transaction category,https://docs.stripe.com/changelog/dahlia/2026-04-22/stripe-fee-tax-transaction-category.md,Official changelog entry indicates semantic behavior relevant to C1_unit_scale.,Treasury | Non-breaking | api,C,C1_unit_scale,false,unknown,high,Semantic behavior keyword matched; subclass=C1_unit_scale.,,,,,,,,
stripe_994c1114ce42,Stripe,2026-04-22,Adds validation for billing meter event values with more than 15 digits,https://docs.stripe.com/changelog/dahlia/2026-04-22/billing-meter-event-values-validation.md,Official changelog entry indicates semantic behavior relevant to C1_unit_scale.,Billing | Breaking | api,C,C1_unit_scale,false,unknown,high,Semantic behavior keyword matched; subclass=C1_unit_scale.,,,,,,,,
stripe_8e0af9817c26,Stripe,2026-04-22,Makes the radar session property optional in the Payment Evaluations API,https://docs.stripe.com/changelog/dahlia/2026-04-22/payment-evaluations-optional-radar-session.md,Official changelog entry appears to combine schema/protocol edits with semantic behavior changes.,Radar | Breaking | api,mixed,C4_business_rule,true,unknown,high,Both schema/protocol and semantic keywords matched; subclass=C4_business_rule.,,,,,,,,
stripe_411cb3e25dab,Stripe,2026-04-22,Updates transaction categories to use flow-specific reversal types and adds Stripe fee tax category,https://docs.stripe.com/changelog/dahlia/2026-04-22/transaction-categories-flow-specific-reversal-types.md,Official changelog entry appears to combine schema/protocol edits with semantic behavior changes.,Treasury | Breaking | api,mixed,C1_unit_scale,true,unknown,high,Both schema/protocol and semantic keywords matched; subclass=C1_unit_scale.,,,,,,,,
stripe_eaae2c466f2c,Stripe,2026-05-27,Adds 20 new bank account types for cross-border payouts in Global Payouts,https://docs.stripe.com/changelog/dahlia/2026-05-27/cross-border-payouts-20-new-bank-account-types.md,Official changelog entry indicates a schema-contract change.,Payouts | Non-breaking | api,B,none,true,unknown,medium,Schema-contract keyword matched.,,,,,,,,
stripe_6a3402faffc9,Stripe,2026-05-27,Adds API error details to Terminal reader action failures,https://docs.stripe.com/changelog/dahlia/2026-05-27/terminal-reader-action-failures-error-details.md,Official changelog entry indicates an operational or protocol behavior change.,Terminal | Non-breaking | api,D,none,unknown,True,high,Protocol/operational keyword matched.,,,,,,,,
stripe_c17b7234af00,Stripe,2026-05-27,Adds active status filtering to payment method configurations,https://docs.stripe.com/changelog/dahlia/2026-05-27/payment-method-configurations-active-status-filtering.md,Official changelog entry indicates semantic behavior relevant to C4_business_rule.,Payments | Non-breaking | api,C,C4_business_rule,false,unknown,high,Semantic behavior keyword matched; subclass=C4_business_rule.,,,,,,,,
stripe_b1f117d4c4c4,Stripe,2026-05-27,Adds amount paid off Stripe property to Invoice object,https://docs.stripe.com/changelog/dahlia/2026-05-27/invoice-object-amount-paid-off-stripe-property.md,Official changelog entry indicates a schema-contract change.,Invoicing | Non-breaking | api,B,none,true,unknown,medium,Schema-contract keyword matched.,,,,,,,,
stripe_4a1a3f7bbff7,Stripe,2026-05-27,Adds billing schedules to enable prebilling on subscriptions,https://docs.stripe.com/changelog/dahlia/2026-05-27/subscriptions-billing-schedules.md,Official changelog entry indicates semantic behavior relevant to C4_business_rule.,Billing | Non-breaking | api,C,C4_business_rule,false,unknown,high,Semantic behavior keyword matched; subclass=C4_business_rule.,,,,,,,,
stripe_ed9c855800e5,Stripe,2026-05-27,Adds card brand restrictions to Payment Links,https://docs.stripe.com/changelog/dahlia/2026-05-27/adds-card-brand-restrictions-to-payment-links.md,Official changelog entry indicates semantic behavior relevant to C4_business_rule.,Paymentlinks | Non-breaking | api,C,C4_business_rule,false,unknown,high,Semantic behavior keyword matched; subclass=C4_business_rule.,,,,,,,,
stripe_8f9a0e6202c9,Stripe,2026-05-27,Adds credited items information to invoice item proration details,https://docs.stripe.com/changelog/dahlia/2026-05-27/invoice-item-proration-credited-items.md,Official changelog entry indicates semantic behavior relevant to C4_business_rule.,Billing | Non-breaking | api,C,C4_business_rule,false,unknown,high,Semantic behavior keyword matched; subclass=C4_business_rule.,,,,,,,,
stripe_3ec806ca9f43,Stripe,2026-05-27,Adds customer parameter to test clock creation,https://docs.stripe.com/changelog/dahlia/2026-05-27/test-clock-creation-customer-parameter.md,Official changelog entry appears to combine schema/protocol edits with semantic behavior changes.,Billing | Non-breaking | api,mixed,C4_business_rule,true,unknown,high,Both schema/protocol and semantic keywords matched; subclass=C4_business_rule.,,,,,,,,
stripe_995636c85497,Stripe,2026-05-27,Adds destination payment description and metadata support to transfer data,https://docs.stripe.com/changelog/dahlia/2026-05-27/transfer-data-destination-payment-description-and-metadata.md,Official changelog entry indicates semantic behavior relevant to C4_business_rule.,Payments | Non-breaking | api,C,C4_business_rule,false,unknown,high,Semantic behavior keyword matched; subclass=C4_business_rule.,,,,,,,,
stripe_fd60fbc3721c,Stripe,2026-05-27,Adds discount and discounts properties to pending subscription updates,https://docs.stripe.com/changelog/dahlia/2026-05-27/pending-subscription-updates-discount-and-discounts-properties.md,Official changelog entry indicates semantic behavior relevant to C4_business_rule.,"Sigma, Billing | Non-breaking | api",C,C4_business_rule,false,unknown,high,Semantic behavior keyword matched; subclass=C4_business_rule.,,,,,,,,
stripe_ebcd72da4fd1,Stripe,2026-05-27,Adds discount eligibility options for add-on invoice items on Subscriptions and Preview Invoice APIs,https://docs.stripe.com/changelog/dahlia/2026-05-27/invoice-items-discount-eligibility.md,Official changelog entry indicates semantic behavior relevant to C4_business_rule.,Billing | Non-breaking | api,C,C4_business_rule,false,unknown,high,Semantic behavior keyword matched; subclass=C4_business_rule.,,,,,,,,
stripe_8d9de76bfd03,Stripe,2026-05-27,Adds metadata support to pending subscription updates,https://docs.stripe.com/changelog/dahlia/2026-05-27/pending-subscription-update-metadata.md,Official changelog entry indicates semantic behavior relevant to C4_business_rule.,Billing | Non-breaking | api,C,C4_business_rule,false,unknown,high,Semantic behavior keyword matched; subclass=C4_business_rule.,,,,,,,,
stripe_887d41d64629,Stripe,2026-05-27,Adds support for Bizum payments,https://docs.stripe.com/changelog/dahlia/2026-05-27/bizum-payments.md,Official changelog entry indicates semantic behavior relevant to C4_business_rule.,Payments | Non-breaking | api,C,C4_business_rule,false,unknown,high,Semantic behavior keyword matched; subclass=C4_business_rule.,,,,,,,,
stripe_0897f578a5c7,Stripe,2026-05-27,Adds support for Scalapay payments,https://docs.stripe.com/changelog/dahlia/2026-05-27/scalapay-payments.md,Official changelog entry indicates semantic behavior relevant to C4_business_rule.,Payments | Non-breaking | api,C,C4_business_rule,false,unknown,high,Semantic behavior keyword matched; subclass=C4_business_rule.,,,,,,,,
stripe_2d41ef6cd35e,Stripe,2026-05-27,Adds support for Twint as a payment method for recurring payments,https://docs.stripe.com/changelog/dahlia/2026-05-27/recurring-payments-twint.md,Official changelog entry indicates semantic behavior relevant to C4_business_rule.,Payments | Non-breaking | api,C,C4_business_rule,false,unknown,high,Semantic behavior keyword matched; subclass=C4_business_rule.,,,,,,,,
stripe_ad4573a05bfd,Stripe,2026-05-27,Adds support for Verifone third-party device types to Terminal APIs,https://docs.stripe.com/changelog/dahlia/2026-05-27/verifone-third-party-device-types.md,Official changelog entry indicates a schema-contract change.,Terminal | Non-breaking | api,B,none,true,unknown,medium,Schema-contract keyword matched.,,,,,,,,
stripe_54a89e26b4ec,Stripe,2026-05-27,Adds the ability to configure custom start of day per connected account,https://docs.stripe.com/changelog/dahlia/2026-05-27/custom-start-of-day.md,Official changelog entry indicates semantic behavior relevant to C4_business_rule.,"Payments, Payouts | Non-breaking | api",C,C4_business_rule,false,unknown,high,Semantic behavior keyword matched; subclass=C4_business_rule.,,,,,,,,
stripe_082ebc82c1f7,Stripe,2026-05-27,Adds the subscription pause endpoint,https://docs.stripe.com/changelog/dahlia/2026-05-27/pause-subscriptions.md,Official changelog entry indicates semantic behavior relevant to C4_business_rule.,Billing | Non-breaking | api,C,C4_business_rule,false,unknown,high,Semantic behavior keyword matched; subclass=C4_business_rule.,,,,,,,,
stripe_c72bbe953f5b,Stripe,2026-05-27,Billed until property on subscription items is no longer included in responses by default,https://docs.stripe.com/changelog/dahlia/2026-05-27/subscription-item-billed-until-includable.md,Official changelog entry appears to combine schema/protocol edits with semantic behavior changes.,Billing | Breaking | api,mixed,C3_default_behavior,true,True,high,Both schema/protocol and semantic keywords matched; subclass=C3_default_behavior.,,,,,,,,
stripe_94d799525f3e,Stripe,2026-05-27,Enables expansion of trial offer prices,https://docs.stripe.com/changelog/dahlia/2026-05-27/trial-offer-prices-expansion.md,Official changelog entry indicates semantic behavior relevant to C4_business_rule.,Billing | Non-breaking | api,C,C4_business_rule,false,unknown,high,Semantic behavior keyword matched; subclass=C4_business_rule.,,,,,,,,
stripe_dc15891ee84e,Stripe,2026-05-27,Renames Link Authentication Element to Contact Details Element,https://docs.stripe.com/changelog/dahlia/2026-05-27/link-authentication-element-rename.md,Official changelog entry indicates an operational or protocol behavior change.,Elements | Non-breaking | api,D,none,unknown,unknown,high,Protocol/operational keyword matched.,,,,,,,,
twilio_054c4de85533,Twilio,2010-04-01,"Conference list endpoint will default to in-progress conferences only on July 13, 2026",https://www.twilio.com/en-us/changelog,Official changelog entry indicates semantic behavior relevant to C3_default_behavior.,"Starting July 13, 2026 , the Conference list endpoint (GET /2010-04-01/Accounts/{AccountSid}/Conferences.json) will default to returning only in-progress conferences. If you're querying for in-progress conferences",C,C3_default_behavior,false,unknown,high,Semantic behavior keyword matched; subclass=C3_default_behavior.,,,,,,,,
twilio_235664e69ad4,Twilio,2010-04-01,"Starting July 13, 2026 , the Conference list endpoint (GET /2010-04-01/Accounts/{AccountSid}/Conferences.json) will default to returning only in-progress conferences.",https://www.twilio.com/en-us/changelog,Official changelog entry indicates semantic behavior relevant to C3_default_behavior.,"If you're querying for in-progress conferences (the most common use case), no action is needed. Currently, calling this endpoint without a Status filter returns",C,C3_default_behavior,false,unknown,high,Semantic behavior keyword matched; subclass=C3_default_behavior.,,,,,,,,
twilio_d3361ef16e7c,Twilio,unknown,Data Residency for SMS (EU) is now Generally Available (GA),https://www.twilio.com/en-us/changelog,Official changelog entry indicates semantic behavior relevant to C2_currency_locale.,"The Programmable Messaging API is now generally available for SMS in Twilio’s Ireland (IE1) region. When using this feature, SMS message personal data is",C,C2_currency_locale,false,unknown,high,Semantic behavior keyword matched; subclass=C2_currency_locale.,,,,,,,,
twilio_61ebe6a4d781,Twilio,unknown,Inbound SMS : Receive inbound SMS messages via webhooks configured at the phone number or messaging service level.,https://www.twilio.com/en-us/changelog,Official changelog entry indicates an operational or protocol behavior change.,"Messaging Services : Manage IE1 sender pools from the Twilio console or via the API. Take advantage of Sticky Sender, Country Code Geomatch, Advanced",D,none,unknown,unknown,high,Protocol/operational keyword matched.,,,,,,,,
twilio_88f735c052b0,Twilio,unknown,"Messaging Services : Manage IE1 sender pools from the Twilio console or via the API. Take advantage of Sticky Sender, Country Code Geomatch, Advanced Opt-Out, and service webhooks in IE1.",https://www.twilio.com/en-us/changelog,Official changelog entry indicates an operational or protocol behavior change.,Messaging Logs and Insights : Analyze and troubleshoot IE1 SMS traffic in the Twilio Console. Phone Numbers : Configure phone numbers for use in,D,none,unknown,unknown,high,Protocol/operational keyword matched.,,,,,,,,
twilio_19e667cee222,Twilio,unknown,New Unified Typing Indicator API experience:,https://www.twilio.com/en-us/changelog,Official changelog entry indicates semantic behavior relevant to C3_default_behavior.,"You can now send typing indicators across RCS, WhatsApp (WA), and Apple Messages for Business (AMB) using a streamlined consistent integration with JSON payloads.",C,C3_default_behavior,false,unknown,high,Semantic behavior keyword matched; subclass=C3_default_behavior.,,,,,,,,
twilio_310752576a9b,Twilio,unknown,Programmable Messaging API : Send outbound SMS messages using phone numbers and alphanumeric sender IDs.,https://www.twilio.com/en-us/changelog,Official changelog entry indicates an operational or protocol behavior change.,Inbound SMS : Receive inbound SMS messages via webhooks configured at the phone number or messaging service level. Messaging Services : Manage IE1 sender,D,none,unknown,unknown,high,Protocol/operational keyword matched.,,,,,,,,
twilio_043d947009ed,Twilio,unknown,RCS: Displays a typing indicator for up to 20 seconds (or until the message delivers) to reduce perceived wait times.,https://www.twilio.com/en-us/changelog,Official changelog entry appears to combine schema/protocol edits with semantic behavior changes.,WhatsApp: Automatically marks the referenced message as read and displays the indicator for up to 25 seconds (or until delivery) using the required messageId.,mixed,C3_default_behavior,true,unknown,high,Both schema/protocol and semantic keywords matched; subclass=C3_default_behavior.,,,,,,,,
twilio_13f2dbbd7ffd,Twilio,unknown,Regional product and feature availability page,https://www.twilio.com/docs/global-infrastructure/regional-product-and-feature-availability,Official changelog entry indicates semantic behavior relevant to C2_currency_locale.,Regional product and feature availability page,C,C2_currency_locale,false,unknown,high,Semantic behavior keyword matched; subclass=C2_currency_locale.,,,,,,,,
twilio_ce4783d1ba8e,Twilio,unknown,See our public documentation here:,https://www.twilio.com/en-us/changelog,Official changelog entry indicates a surface or representation change.,RCS WA,A,none,unknown,unknown,low,Surface/representation keyword matched.,,,,,,,,
twilio_2a2079a0e81d,Twilio,unknown,"Sending Typing Indicators on RCS, WA, and AMB in V3 Typing Indicator API",https://www.twilio.com/en-us/changelog,Official changelog entry appears to combine schema/protocol edits with semantic behavior changes.,"New Unified Typing Indicator API experience: You can now send typing indicators across RCS, WhatsApp (WA), and Apple Messages for Business (AMB) using a",mixed,C3_default_behavior,true,unknown,high,Both schema/protocol and semantic keywords matched; subclass=C3_default_behavior.,,,,,,,,
twilio_79b852081dbf,Twilio,unknown,Smart Channel Behaviors:,https://www.twilio.com/en-us/changelog,Official changelog entry appears to combine schema/protocol edits with semantic behavior changes.,RCS: Displays a typing indicator for up to 20 seconds (or until the message delivers) to reduce perceived wait times. WhatsApp: Automatically marks the,mixed,C3_default_behavior,true,unknown,high,Both schema/protocol and semantic keywords matched; subclass=C3_default_behavior.,,,,,,,,
twilio_e64d64fa9974,Twilio,unknown,Studio and TaskRouter are now available in Private Beta in IE1,https://www.twilio.com/en-us/changelog,Official changelog entry indicates semantic behavior relevant to C2_currency_locale.,"Studio and TaskRouter are now available in Private Beta in Twilio's Ireland (IE1) region. With this release, your application's Studio and TaskRouter data is",C,C2_currency_locale,false,unknown,high,Semantic behavior keyword matched; subclass=C2_currency_locale.,,,,,,,,
twilio_04c9f5930bd9,Twilio,unknown,WhatsApp: Automatically marks the referenced message as read and displays the indicator for up to 25 seconds (or until delivery) using the required messageId.,https://www.twilio.com/en-us/changelog,Official changelog entry appears to combine schema/protocol edits with semantic behavior changes.,Apple Messages for Business (Private Beta): Support for Typing indicators is available! Please note that AMB access is currently restricted as it is in,mixed,C3_default_behavior,true,unknown,high,Both schema/protocol and semantic keywords matched; subclass=C3_default_behavior.,,,,,,,,
twilio_e58393d77e40,Twilio,unknown,"With this release, the Ireland (IE1) region supports the following messaging features:",https://www.twilio.com/en-us/changelog,Official changelog entry appears to combine schema/protocol edits with semantic behavior changes.,Programmable Messaging API : Send outbound SMS messages using phone numbers and alphanumeric sender IDs. Inbound SMS : Receive inbound SMS messages via webhooks,mixed,C2_currency_locale,unknown,unknown,high,Both schema/protocol and semantic keywords matched; subclass=C2_currency_locale.,,,,,,,,
twilio_2d11bc0d091d,Twilio,unknown,"You can learn more on Studio and TaskRouter as well as other Regional products on our Regional product and feature availability page . To request Private Beta access, contact your account team.",https://www.twilio.com/docs/global-infrastructure/regional-product-and-feature-availability,Official changelog entry indicates semantic behavior relevant to C2_currency_locale.,You can learn more on Studio and TaskRouter as well as other Regional products on our Regional product and feature availability page . To,C,C2_currency_locale,false,unknown,high,Semantic behavior keyword matched; subclass=C2_currency_locale.,,,,,,,,
twilio_42f89d3ca846,Twilio,unknown,"You can now send typing indicators across RCS, WhatsApp (WA), and Apple Messages for Business (AMB) using a streamlined consistent integration with JSON payloads.",https://www.twilio.com/en-us/changelog,Official changelog entry appears to combine schema/protocol edits with semantic behavior changes.,Smart Channel Behaviors: RCS: Displays a typing indicator for up to 20 seconds (or until the message delivers) to reduce perceived wait times. WhatsApp:,mixed,C3_default_behavior,true,unknown,high,Both schema/protocol and semantic keywords matched; subclass=C3_default_behavior.,,,,,,,,
twilio_1d7ef9814b6f,Twilio,unknown,"💡 Need more time? For longer workflows, you can send additional typing indicator requests to extend the duration before the default timeouts hit.",https://www.twilio.com/en-us/changelog,Official changelog entry appears to combine schema/protocol edits with semantic behavior changes.,See our public documentation here:,mixed,C3_default_behavior,unknown,unknown,high,Both schema/protocol and semantic keywords matched; subclass=C3_default_behavior.,,,,,,,,
