sample_id,domain,model,condition,c_class,task_id,mutation_rule,tool_call_summary,final_state_summary,oracle_flag,reward,auto_explanation,trace_pointer,human_oracle_correct,human_failure_type,human_confidence,human_notes
oracle_baseline_success_unmutated_p5_3a1d7c251560,airline,dashscope/glm-5.1,baseline,baseline,1,,target_tool=None; target_tool_called=None,reward=1.0; failure_mode=agent_compatible,false,1.0,Baseline cell succeeded without a semantic mutation; oracle should not fire.,runs\schema_mutation\phase5\status\airline_baseline_nonwyzlab_0004_status.jsonl,,,,
oracle_baseline_success_unmutated_p5_4988c054a812,airline,dashscope/kimi-k2.6,baseline,baseline,16,,target_tool=None; target_tool_called=None,reward=1.0; failure_mode=agent_compatible,false,1.0,Baseline cell succeeded without a semantic mutation; oracle should not fire.,runs\schema_mutation\phase5\status\airline_baseline_nonwyzlab_0003_status.jsonl,,,,
oracle_baseline_success_unmutated_p5_c579b77ed492,airline,dashscope/qwen-max,baseline,baseline,0,,target_tool=None; target_tool_called=None,reward=1.0; failure_mode=agent_compatible,false,1.0,Baseline cell succeeded without a semantic mutation; oracle should not fire.,runs\schema_mutation\phase5\status\airline_baseline_nonwyzlab_0001_status.jsonl,,,,
oracle_baseline_success_unmutated_p5_9884e661a685,airline,deepseek/deepseek-v4-flash,baseline,baseline,44,,target_tool=None; target_tool_called=None,reward=1.0; failure_mode=agent_compatible,false,1.0,Baseline cell succeeded without a semantic mutation; oracle should not fire.,runs\schema_mutation\phase5\status\airline_baseline_nonwyzlab_0001_status.jsonl,,,,
oracle_baseline_success_unmutated_p5_722c311278a4,retail,dashscope/glm-5.1,baseline,baseline,18,,target_tool=None; target_tool_called=None,reward=1.0; failure_mode=agent_compatible,false,1.0,Baseline cell succeeded without a semantic mutation; oracle should not fire.,runs\schema_mutation\phase5\status\baseline_0002_status.jsonl,,,,
oracle_baseline_success_unmutated_p5_2da713f43740,retail,dashscope/kimi-k2.6,baseline,baseline,12,,target_tool=None; target_tool_called=None,reward=1.0; failure_mode=agent_compatible,false,1.0,Baseline cell succeeded without a semantic mutation; oracle should not fire.,runs\schema_mutation\phase5\status\baseline_0001_status.jsonl,,,,
oracle_baseline_success_unmutated_p5_a38d99919736,retail,dashscope/qwen-max,baseline,baseline,11,,target_tool=None; target_tool_called=None,reward=1.0; failure_mode=agent_compatible,false,1.0,Baseline cell succeeded without a semantic mutation; oracle should not fire.,runs\schema_mutation\phase5\status\baseline_0000_status.jsonl,,,,
oracle_baseline_success_unmutated_p5_c08d61249d0b,retail,deepseek/deepseek-v4-flash,baseline,baseline,12,,target_tool=None; target_tool_called=None,reward=1.0; failure_mode=agent_compatible,false,1.0,Baseline cell succeeded without a semantic mutation; oracle should not fire.,runs\schema_mutation\phase5\status\baseline_0000_status.jsonl,,,,
oracle_baseline_success_unmutated_p5_8d2fd4614e03,airline,dashscope/glm-5.1,baseline,baseline,42,,target_tool=None; target_tool_called=None,reward=1.0; failure_mode=agent_compatible,false,1.0,Baseline cell succeeded without a semantic mutation; oracle should not fire.,runs\schema_mutation\phase5\status\airline_baseline_nonwyzlab_0005_status.jsonl,,,,
oracle_baseline_success_unmutated_p5_85e2fc6285e6,airline,dashscope/kimi-k2.6,baseline,baseline,12,,target_tool=None; target_tool_called=None,reward=1.0; failure_mode=agent_compatible,false,1.0,Baseline cell succeeded without a semantic mutation; oracle should not fire.,runs\schema_mutation\phase5\status\airline_baseline_nonwyzlab_0003_status.jsonl,,,,
oracle_baseline_success_unmutated_p5_12e88e1e985c,airline,dashscope/qwen-max,baseline,baseline,37,,target_tool=None; target_tool_called=None,reward=1.0; failure_mode=agent_compatible,false,1.0,Baseline cell succeeded without a semantic mutation; oracle should not fire.,runs\schema_mutation\phase5\status\airline_baseline_nonwyzlab_0002_status.jsonl,,,,
oracle_baseline_success_unmutated_p5_f1263ad38e83,airline,deepseek/deepseek-v4-flash,baseline,baseline,20,,target_tool=None; target_tool_called=None,reward=1.0; failure_mode=agent_compatible,false,1.0,Baseline cell succeeded without a semantic mutation; oracle should not fire.,runs\schema_mutation\phase5\status\airline_baseline_nonwyzlab_0000_status.jsonl,,,,
oracle_baseline_success_unmutated_p5_b98eafb7ca2a,retail,dashscope/glm-5.1,baseline,baseline,1,,target_tool=None; target_tool_called=None,reward=1.0; failure_mode=agent_compatible,false,1.0,Baseline cell succeeded without a semantic mutation; oracle should not fire.,runs\schema_mutation\phase5\status\baseline_0001_status.jsonl,,,,
oracle_baseline_success_unmutated_p5_fbe09a17a804,retail,dashscope/kimi-k2.6,baseline,baseline,1,,target_tool=None; target_tool_called=None,reward=1.0; failure_mode=agent_compatible,false,1.0,Baseline cell succeeded without a semantic mutation; oracle should not fire.,runs\schema_mutation\phase5\status\baseline_0001_status.jsonl,,,,
oracle_baseline_success_unmutated_p5_ed3752de77be,retail,dashscope/qwen-max,baseline,baseline,10,,target_tool=None; target_tool_called=None,reward=1.0; failure_mode=agent_compatible,false,1.0,Baseline cell succeeded without a semantic mutation; oracle should not fire.,runs\schema_mutation\phase5\status\baseline_0000_status.jsonl,,,,
oracle_baseline_success_unmutated_p5_88817dec6dbf,retail,deepseek/deepseek-v4-flash,baseline,baseline,15,,target_tool=None; target_tool_called=None,reward=1.0; failure_mode=agent_compatible,false,1.0,Baseline cell succeeded without a semantic mutation; oracle should not fire.,runs\schema_mutation\phase5\status\baseline_0000_status.jsonl,,,,
oracle_baseline_success_unmutated_p5_e4aa2b0bf163,airline,dashscope/glm-5.1,baseline,baseline,1,,target_tool=None; target_tool_called=None,reward=1.0; failure_mode=agent_compatible,false,1.0,Baseline cell succeeded without a semantic mutation; oracle should not fire.,runs\schema_mutation\phase5\status\airline_baseline_nonwyzlab_0004_status.jsonl,,,,
oracle_baseline_success_unmutated_p5_edce379005e9,airline,dashscope/kimi-k2.6,baseline,baseline,40,,target_tool=None; target_tool_called=None,reward=1.0; failure_mode=agent_compatible,false,1.0,Baseline cell succeeded without a semantic mutation; oracle should not fire.,runs\schema_mutation\phase5\status\airline_baseline_nonwyzlab_0004_status.jsonl,,,,
oracle_baseline_success_unmutated_p5_1eefb0d2f3f4,airline,dashscope/qwen-max,baseline,baseline,27,,target_tool=None; target_tool_called=None,reward=1.0; failure_mode=agent_compatible,false,1.0,Baseline cell succeeded without a semantic mutation; oracle should not fire.,runs\schema_mutation\phase5\status\airline_baseline_nonwyzlab_0002_status.jsonl,,,,
oracle_baseline_success_unmutated_p5_a12d486b9d70,airline,deepseek/deepseek-v4-flash,baseline,baseline,29,,target_tool=None; target_tool_called=None,reward=1.0; failure_mode=agent_compatible,false,1.0,Baseline cell succeeded without a semantic mutation; oracle should not fire.,runs\schema_mutation\phase5\status\airline_baseline_nonwyzlab_0000_status.jsonl,,,,
oracle_baseline_success_unmutated_p5_ef814ab73f94,retail,dashscope/glm-5.1,baseline,baseline,2,,target_tool=None; target_tool_called=None,reward=1.0; failure_mode=agent_compatible,false,1.0,Baseline cell succeeded without a semantic mutation; oracle should not fire.,runs\schema_mutation\phase5\status\baseline_0001_status.jsonl,,,,
oracle_baseline_success_unmutated_p5_e132c144c918,retail,dashscope/kimi-k2.6,baseline,baseline,12,,target_tool=None; target_tool_called=None,reward=1.0; failure_mode=agent_compatible,false,1.0,Baseline cell succeeded without a semantic mutation; oracle should not fire.,runs\schema_mutation\phase5\status\baseline_0001_status.jsonl,,,,
oracle_baseline_success_unmutated_p5_3d0152a53447,retail,dashscope/qwen-max,baseline,baseline,9,,target_tool=None; target_tool_called=None,reward=1.0; failure_mode=agent_compatible,false,1.0,Baseline cell succeeded without a semantic mutation; oracle should not fire.,runs\schema_mutation\phase5\status\baseline_0000_status.jsonl,,,,
oracle_baseline_success_unmutated_p5_01f603cc1565,retail,deepseek/deepseek-v4-flash,baseline,baseline,11,,target_tool=None; target_tool_called=None,reward=1.0; failure_mode=agent_compatible,false,1.0,Baseline cell succeeded without a semantic mutation; oracle should not fire.,runs\schema_mutation\phase5\status\baseline_0000_status.jsonl,,,,
oracle_baseline_success_unmutated_p5_70eab24c64f4,airline,dashscope/glm-5.1,baseline,baseline,39,,target_tool=None; target_tool_called=None,reward=1.0; failure_mode=agent_compatible,false,1.0,Baseline cell succeeded without a semantic mutation; oracle should not fire.,runs\schema_mutation\phase5\status\airline_baseline_nonwyzlab_0005_status.jsonl,,,,
oracle_baseline_success_unmutated_p5_9a84ab6b1423,airline,dashscope/kimi-k2.6,baseline,baseline,42,,target_tool=None; target_tool_called=None,reward=1.0; failure_mode=agent_compatible,false,1.0,Baseline cell succeeded without a semantic mutation; oracle should not fire.,runs\schema_mutation\phase5\status\airline_baseline_nonwyzlab_0004_status.jsonl,,,,
oracle_baseline_success_unmutated_p5_ea8e34b209f5,airline,dashscope/qwen-max,baseline,baseline,38,,target_tool=None; target_tool_called=None,reward=1.0; failure_mode=agent_compatible,false,1.0,Baseline cell succeeded without a semantic mutation; oracle should not fire.,runs\schema_mutation\phase5\status\airline_baseline_nonwyzlab_0002_status.jsonl,,,,
oracle_baseline_success_unmutated_p5_e4daeb19202a,airline,deepseek/deepseek-v4-flash,baseline,baseline,48,,target_tool=None; target_tool_called=None,reward=1.0; failure_mode=agent_compatible,false,1.0,Baseline cell succeeded without a semantic mutation; oracle should not fire.,runs\schema_mutation\phase5\status\airline_baseline_nonwyzlab_0001_status.jsonl,,,,
oracle_baseline_success_unmutated_p5_12b8e6548f8a,retail,dashscope/glm-5.1,baseline,baseline,2,,target_tool=None; target_tool_called=None,reward=1.0; failure_mode=agent_compatible,false,1.0,Baseline cell succeeded without a semantic mutation; oracle should not fire.,runs\schema_mutation\phase5\status\baseline_0001_status.jsonl,,,,
oracle_baseline_success_unmutated_p5_c134e7067496,retail,dashscope/kimi-k2.6,baseline,baseline,11,,target_tool=None; target_tool_called=None,reward=1.0; failure_mode=agent_compatible,false,1.0,Baseline cell succeeded without a semantic mutation; oracle should not fire.,runs\schema_mutation\phase5\status\baseline_0001_status.jsonl,,,,
oracle_baseline_success_unmutated_p5_d2d029d4413e,retail,dashscope/qwen-max,baseline,baseline,10,,target_tool=None; target_tool_called=None,reward=1.0; failure_mode=agent_compatible,false,1.0,Baseline cell succeeded without a semantic mutation; oracle should not fire.,runs\schema_mutation\phase5\status\baseline_0000_status.jsonl,,,,
oracle_baseline_success_unmutated_p5_e6f2589031c5,retail,deepseek/deepseek-v4-flash,baseline,baseline,11,,target_tool=None; target_tool_called=None,reward=1.0; failure_mode=agent_compatible,false,1.0,Baseline cell succeeded without a semantic mutation; oracle should not fire.,runs\schema_mutation\phase5\status\baseline_0000_status.jsonl,,,,
oracle_baseline_success_unmutated_p5_6566011674a0,airline,dashscope/glm-5.1,baseline,baseline,35,,target_tool=None; target_tool_called=None,reward=1.0; failure_mode=agent_compatible,false,1.0,Baseline cell succeeded without a semantic mutation; oracle should not fire.,runs\schema_mutation\phase5\status\airline_baseline_nonwyzlab_0005_status.jsonl,,,,
oracle_baseline_success_unmutated_p5_20a0dace445d,airline,dashscope/kimi-k2.6,baseline,baseline,49,,target_tool=None; target_tool_called=None,reward=1.0; failure_mode=agent_compatible,false,1.0,Baseline cell succeeded without a semantic mutation; oracle should not fire.,runs\schema_mutation\phase5\status\airline_baseline_nonwyzlab_0004_status.jsonl,,,,
oracle_baseline_success_unmutated_p5_b0f2057b5579,airline,dashscope/qwen-max,baseline,baseline,48,,target_tool=None; target_tool_called=None,reward=1.0; failure_mode=agent_compatible,false,1.0,Baseline cell succeeded without a semantic mutation; oracle should not fire.,runs\schema_mutation\phase5\status\airline_baseline_nonwyzlab_0002_status.jsonl,,,,
oracle_baseline_success_unmutated_p5_a408ed2a7996,airline,deepseek/deepseek-v4-flash,baseline,baseline,14,,target_tool=None; target_tool_called=None,reward=1.0; failure_mode=agent_compatible,false,1.0,Baseline cell succeeded without a semantic mutation; oracle should not fire.,runs\schema_mutation\phase5\status\airline_baseline_nonwyzlab_0000_status.jsonl,,,,
oracle_baseline_success_unmutated_p5_1b419d70962c,retail,dashscope/glm-5.1,baseline,baseline,17,,target_tool=None; target_tool_called=None,reward=1.0; failure_mode=agent_compatible,false,1.0,Baseline cell succeeded without a semantic mutation; oracle should not fire.,runs\schema_mutation\phase5\status\baseline_0002_status.jsonl,,,,
oracle_baseline_success_unmutated_p5_24665caf23a8,retail,dashscope/kimi-k2.6,baseline,baseline,4,,target_tool=None; target_tool_called=None,reward=1.0; failure_mode=agent_compatible,false,1.0,Baseline cell succeeded without a semantic mutation; oracle should not fire.,runs\schema_mutation\phase5\status\baseline_0001_status.jsonl,,,,
oracle_baseline_success_unmutated_p5_d4437d25d177,retail,dashscope/qwen-max,baseline,baseline,12,,target_tool=None; target_tool_called=None,reward=1.0; failure_mode=agent_compatible,false,1.0,Baseline cell succeeded without a semantic mutation; oracle should not fire.,runs\schema_mutation\phase5\status\baseline_0000_status.jsonl,,,,
oracle_baseline_success_unmutated_p5_9cc02c669728,retail,deepseek/deepseek-v4-flash,baseline,baseline,17,,target_tool=None; target_tool_called=None,reward=1.0; failure_mode=agent_compatible,false,1.0,Baseline cell succeeded without a semantic mutation; oracle should not fire.,runs\schema_mutation\phase5\status\baseline_0000_status.jsonl,,,,
oracle_baseline_success_unmutated_p5_d7246eb51e00,airline,dashscope/glm-5.1,baseline,baseline,28,,target_tool=None; target_tool_called=None,reward=1.0; failure_mode=agent_compatible,false,1.0,Baseline cell succeeded without a semantic mutation; oracle should not fire.,runs\schema_mutation\phase5\status\airline_baseline_nonwyzlab_0005_status.jsonl,,,,
oracle_baseline_success_unmutated_p5_499e1c953d76,airline,dashscope/kimi-k2.6,baseline,baseline,14,,target_tool=None; target_tool_called=None,reward=1.0; failure_mode=agent_compatible,false,1.0,Baseline cell succeeded without a semantic mutation; oracle should not fire.,runs\schema_mutation\phase5\status\airline_baseline_nonwyzlab_0003_status.jsonl,,,,
oracle_baseline_success_unmutated_p5_5ef44cdddd6b,airline,dashscope/qwen-max,baseline,baseline,36,,target_tool=None; target_tool_called=None,reward=1.0; failure_mode=agent_compatible,false,1.0,Baseline cell succeeded without a semantic mutation; oracle should not fire.,runs\schema_mutation\phase5\status\airline_baseline_nonwyzlab_0002_status.jsonl,,,,
oracle_baseline_success_unmutated_p5_3b9cae5a493d,airline,deepseek/deepseek-v4-flash,baseline,baseline,0,,target_tool=None; target_tool_called=None,reward=1.0; failure_mode=agent_compatible,false,1.0,Baseline cell succeeded without a semantic mutation; oracle should not fire.,runs\schema_mutation\phase5\status\airline_baseline_nonwyzlab_0000_status.jsonl,,,,
oracle_baseline_success_unmutated_p5_dc62992ed8be,retail,dashscope/glm-5.1,baseline,baseline,11,,target_tool=None; target_tool_called=None,reward=1.0; failure_mode=agent_compatible,false,1.0,Baseline cell succeeded without a semantic mutation; oracle should not fire.,runs\schema_mutation\phase5\status\baseline_0002_status.jsonl,,,,
oracle_baseline_success_unmutated_p5_2c34eea94c6d,retail,dashscope/kimi-k2.6,baseline,baseline,16,,target_tool=None; target_tool_called=None,reward=1.0; failure_mode=agent_compatible,false,1.0,Baseline cell succeeded without a semantic mutation; oracle should not fire.,runs\schema_mutation\phase5\status\baseline_0001_status.jsonl,,,,
oracle_baseline_success_unmutated_p5_eceb4fe1db04,retail,dashscope/qwen-max,baseline,baseline,11,,target_tool=None; target_tool_called=None,reward=1.0; failure_mode=agent_compatible,false,1.0,Baseline cell succeeded without a semantic mutation; oracle should not fire.,runs\schema_mutation\phase5\status\baseline_0000_status.jsonl,,,,
oracle_baseline_success_unmutated_p5_0ced78956d9d,retail,deepseek/deepseek-v4-flash,baseline,baseline,1,,target_tool=None; target_tool_called=None,reward=1.0; failure_mode=agent_compatible,false,1.0,Baseline cell succeeded without a semantic mutation; oracle should not fire.,runs\schema_mutation\phase5\status\baseline_0000_status.jsonl,,,,
oracle_baseline_success_unmutated_p5_91d59844c804,airline,dashscope/glm-5.1,baseline,baseline,37,,target_tool=None; target_tool_called=None,reward=1.0; failure_mode=agent_compatible,false,1.0,Baseline cell succeeded without a semantic mutation; oracle should not fire.,runs\schema_mutation\phase5\status\airline_baseline_nonwyzlab_0005_status.jsonl,,,,
oracle_baseline_success_unmutated_p5_3a1d73ecf495,airline,dashscope/kimi-k2.6,baseline,baseline,0,,target_tool=None; target_tool_called=None,reward=1.0; failure_mode=agent_compatible,false,1.0,Baseline cell succeeded without a semantic mutation; oracle should not fire.,runs\schema_mutation\phase5\status\airline_baseline_nonwyzlab_0003_status.jsonl,,,,
oracle_o0_hidden_violation_positive_p8c_b5ee615dd16c,airline,dashscope/glm-5.1,C1_O0_silent,C1,0,unit_scale,target_tool=book_reservation; target_tool_called=True,reward=0.0; failure_mode=silent_failure,true,0.0,O0 silent drift has no visible recovery signal and the hidden rule violation is set.,runs\schema_mutation\phase5\status\c_semantic_generalization_0000_status.jsonl,,,,
oracle_o0_hidden_violation_positive_p8c_0aa58a29026d,airline,dashscope/glm-5.1,C2_O0_silent,C2,6,currency_locale,target_tool=update_reservation_flights; target_tool_called=True,reward=0.0; failure_mode=silent_failure,true,0.0,O0 silent drift has no visible recovery signal and the hidden rule violation is set.,runs\schema_mutation\phase5\status\c_semantic_generalization_0003_status.jsonl,,,,
oracle_o0_hidden_violation_positive_p8c_dddb83c230bc,airline,dashscope/glm-5.1,C3_O0_silent,C3,43,default_behavior,target_tool=update_reservation_passengers; target_tool_called=True,reward=0.0; failure_mode=silent_failure,true,0.0,O0 silent drift has no visible recovery signal and the hidden rule violation is set.,runs\schema_mutation\phase5\status\c_semantic_generalization_0006_status.jsonl,,,,
oracle_o0_hidden_violation_positive_p5_ed1e51069829,airline,dashscope/glm-5.1,O0_silent,C4,1,C4_business_rule_drift,target_tool=cancel_reservation; target_tool_called=True,reward=0.0; failure_mode=silent_failure,true,0.0,O0 silent drift has no visible recovery signal and the hidden rule violation is set.,runs\schema_mutation\phase5\status\airline_observability_from_baseline_0000_status.jsonl,,,,
oracle_o0_hidden_violation_positive_p8c_40071ba34bf4,airline,dashscope/kimi-k2.6,C1_O0_silent,C1,0,unit_scale,target_tool=book_reservation; target_tool_called=True,reward=0.0; failure_mode=silent_failure,true,0.0,O0 silent drift has no visible recovery signal and the hidden rule violation is set.,runs\schema_mutation\phase5\status\c_semantic_generalization_0000_status.jsonl,,,,
oracle_o0_hidden_violation_positive_p8c_5ec64835010e,airline,dashscope/kimi-k2.6,C2_O0_silent,C2,4,currency_locale,target_tool=update_reservation_passengers; target_tool_called=True,reward=0.0; failure_mode=silent_failure,true,0.0,O0 silent drift has no visible recovery signal and the hidden rule violation is set.,runs\schema_mutation\phase5\status\c_semantic_generalization_0004_status.jsonl,,,,
oracle_o0_hidden_violation_positive_p8c_49d57f45858b,airline,dashscope/kimi-k2.6,C3_O0_silent,C3,6,default_behavior,target_tool=update_reservation_flights; target_tool_called=True,reward=0.0; failure_mode=silent_failure,true,0.0,O0 silent drift has no visible recovery signal and the hidden rule violation is set.,runs\schema_mutation\phase5\status\c_semantic_generalization_0007_status.jsonl,,,,
oracle_o0_hidden_violation_positive_p5_93da48ee3333,airline,dashscope/kimi-k2.6,O0_silent,C4,47,C4_business_rule_drift,target_tool=cancel_reservation; target_tool_called=True,reward=0.0; failure_mode=silent_failure,true,0.0,O0 silent drift has no visible recovery signal and the hidden rule violation is set.,runs\schema_mutation\phase5\status\airline_observability_from_baseline_0007_status.jsonl,,,,
oracle_o0_hidden_violation_positive_p8c_1744862a5762,airline,dashscope/qwen-max,C1_O0_silent,C1,14,unit_scale,target_tool=update_reservation_flights; target_tool_called=True,reward=0.0; failure_mode=silent_failure,true,0.0,O0 silent drift has no visible recovery signal and the hidden rule violation is set.,runs\schema_mutation\phase5\status\c_semantic_generalization_0001_status.jsonl,,,,
oracle_o0_hidden_violation_positive_p8c_1399c5e8c018,airline,dashscope/qwen-max,C2_O0_silent,C2,40,currency_locale,target_tool=cancel_reservation; target_tool_called=True,reward=0.0; failure_mode=silent_failure,true,0.0,O0 silent drift has no visible recovery signal and the hidden rule violation is set.,runs\schema_mutation\phase5\status\c_semantic_generalization_0005_status.jsonl,,,,
oracle_o0_hidden_violation_positive_p8c_5a84b24a2cbb,airline,dashscope/qwen-max,C3_O0_silent,C3,0,default_behavior,target_tool=book_reservation; target_tool_called=True,reward=0.0; failure_mode=silent_failure,true,0.0,O0 silent drift has no visible recovery signal and the hidden rule violation is set.,runs\schema_mutation\phase5\status\c_semantic_generalization_0008_status.jsonl,,,,
oracle_o0_hidden_violation_positive_p5_04cd38b624eb,airline,dashscope/qwen-max,O0_silent,C4,47,C4_business_rule_drift,target_tool=cancel_reservation; target_tool_called=True,reward=0.0; failure_mode=silent_failure,true,0.0,O0 silent drift has no visible recovery signal and the hidden rule violation is set.,runs\schema_mutation\phase5\status\airline_observability_from_baseline_0008_status.jsonl,,,,
oracle_o0_hidden_violation_positive_p8c_ceb49f7d9dd0,airline,deepseek/deepseek-v4-flash,C1_O0_silent,C1,20,unit_scale,target_tool=update_reservation_flights; target_tool_called=True,reward=0.0; failure_mode=silent_failure,true,0.0,O0 silent drift has no visible recovery signal and the hidden rule violation is set.,runs\schema_mutation\phase5\status\c_semantic_generalization_0002_status.jsonl,,,,
oracle_o0_hidden_violation_positive_p8c_28c381c4fdf5,airline,deepseek/deepseek-v4-flash,C2_O0_silent,C2,20,currency_locale,target_tool=update_reservation_flights; target_tool_called=True,reward=0.0; failure_mode=silent_failure,true,0.0,O0 silent drift has no visible recovery signal and the hidden rule violation is set.,runs\schema_mutation\phase5\status\c_semantic_generalization_0005_status.jsonl,,,,
oracle_o0_hidden_violation_positive_p8c_8a7296c4e89f,airline,deepseek/deepseek-v4-flash,C3_O0_silent,C3,43,default_behavior,target_tool=update_reservation_passengers; target_tool_called=True,reward=0.0; failure_mode=silent_failure,true,0.0,O0 silent drift has no visible recovery signal and the hidden rule violation is set.,runs\schema_mutation\phase5\status\c_semantic_generalization_0009_status.jsonl,,,,
oracle_o0_hidden_violation_positive_p5_67417922f94c,airline,deepseek/deepseek-v4-flash,O0_silent,C4,2,C4_business_rule_drift,target_tool=update_reservation_flights; target_tool_called=True,reward=0.0; failure_mode=silent_failure,true,0.0,O0 silent drift has no visible recovery signal and the hidden rule violation is set.,runs\schema_mutation\phase5\status\airline_observability_from_baseline_0009_status.jsonl,,,,
oracle_o0_hidden_violation_positive_p8c_25505f8443df,retail,dashscope/glm-5.1,C1_O0_silent,C1,15,unit_scale,target_tool=modify_pending_order_items; target_tool_called=True,reward=0.0; failure_mode=silent_failure,true,0.0,O0 silent drift has no visible recovery signal and the hidden rule violation is set.,runs\schema_mutation\phase5\status\c_semantic_generalization_0000_status.jsonl,,,,
oracle_o0_hidden_violation_positive_p8c_978f9e7d5e81,retail,dashscope/glm-5.1,C3_O0_silent,C3,2,default_behavior,target_tool=return_delivered_order_items; target_tool_called=True,reward=0.0; failure_mode=silent_failure,true,0.0,O0 silent drift has no visible recovery signal and the hidden rule violation is set.,runs\schema_mutation\phase5\status\c_semantic_generalization_0006_status.jsonl,,,,
oracle_o0_hidden_violation_positive_p5_78f8cdcd66d6,retail,dashscope/glm-5.1,O0_silent,C4,4,C4_business_rule_drift,target_tool=modify_pending_order_items; target_tool_called=True,reward=0.0; failure_mode=silent_failure,true,0.0,O0 silent drift has no visible recovery signal and the hidden rule violation is set.,runs\schema_mutation\phase5\status\observability_from_baseline_0000_status.jsonl,,,,
oracle_o0_hidden_violation_positive_p8c_1d917f56e49c,retail,dashscope/kimi-k2.6,C1_O0_silent,C1,16,unit_scale,target_tool=cancel_pending_order; target_tool_called=True,reward=0.0; failure_mode=silent_failure,true,0.0,O0 silent drift has no visible recovery signal and the hidden rule violation is set.,runs\schema_mutation\phase5\status\c_semantic_generalization_0001_status.jsonl,,,,
oracle_o0_hidden_violation_positive_p8c_86485acb82e8,retail,dashscope/kimi-k2.6,C2_O0_silent,C2,10,currency_locale,target_tool=return_delivered_order_items; target_tool_called=True,reward=0.0; failure_mode=silent_failure,true,0.0,O0 silent drift has no visible recovery signal and the hidden rule violation is set.,runs\schema_mutation\phase5\status\c_semantic_generalization_0004_status.jsonl,,,,
oracle_o0_hidden_violation_positive_p8c_98055ac43234,retail,dashscope/kimi-k2.6,C3_O0_silent,C3,11,default_behavior,target_tool=return_delivered_order_items; target_tool_called=True,reward=0.0; failure_mode=silent_failure,true,0.0,O0 silent drift has no visible recovery signal and the hidden rule violation is set.,runs\schema_mutation\phase5\status\c_semantic_generalization_0007_status.jsonl,,,,
oracle_o0_hidden_violation_positive_p5_a26f8068e571,retail,dashscope/kimi-k2.6,O0_silent,C4,10,C4_business_rule_drift,target_tool=return_delivered_order_items; target_tool_called=True,reward=0.0; failure_mode=silent_failure,true,0.0,O0 silent drift has no visible recovery signal and the hidden rule violation is set.,runs\schema_mutation\phase5\status\observability_from_baseline_0002_status.jsonl,,,,
oracle_o0_hidden_violation_positive_p8c_4e84f521f60b,retail,dashscope/qwen-max,C1_O0_silent,C1,11,unit_scale,target_tool=return_delivered_order_items; target_tool_called=True,reward=0.0; failure_mode=silent_failure,true,0.0,O0 silent drift has no visible recovery signal and the hidden rule violation is set.,runs\schema_mutation\phase5\status\c_semantic_generalization_0002_status.jsonl,,,,
oracle_o0_hidden_violation_positive_p8c_d6cfb5d45fea,retail,dashscope/qwen-max,C2_O0_silent,C2,6,currency_locale,target_tool=exchange_delivered_order_items; target_tool_called=True,reward=0.0; failure_mode=silent_failure,true,0.0,O0 silent drift has no visible recovery signal and the hidden rule violation is set.,runs\schema_mutation\phase5\status\c_semantic_generalization_0005_status.jsonl,,,,
oracle_o0_hidden_violation_positive_p8c_8f3bc0de1169,retail,dashscope/qwen-max,C3_O0_silent,C3,0,default_behavior,target_tool=exchange_delivered_order_items; target_tool_called=True,reward=0.0; failure_mode=silent_failure,true,0.0,O0 silent drift has no visible recovery signal and the hidden rule violation is set.,runs\schema_mutation\phase5\status\c_semantic_generalization_0008_status.jsonl,,,,
oracle_o0_hidden_violation_positive_p5_9db42e68b37f,retail,dashscope/qwen-max,O0_silent,C4,9,C4_business_rule_drift,target_tool=exchange_delivered_order_items; target_tool_called=True,reward=0.0; failure_mode=silent_failure,true,0.0,O0 silent drift has no visible recovery signal and the hidden rule violation is set.,runs\schema_mutation\phase5\status\observability_from_baseline_0003_status.jsonl,,,,
oracle_o0_hidden_violation_positive_p8c_f87a8b7e26de,retail,deepseek/deepseek-v4-flash,C1_O0_silent,C1,2,unit_scale,target_tool=return_delivered_order_items; target_tool_called=True,reward=0.0; failure_mode=silent_failure,true,0.0,O0 silent drift has no visible recovery signal and the hidden rule violation is set.,runs\schema_mutation\phase5\status\c_semantic_generalization_0003_status.jsonl,,,,
oracle_o0_hidden_violation_positive_p8c_f0dca93fa2c2,retail,deepseek/deepseek-v4-flash,C2_O0_silent,C2,8,currency_locale,target_tool=exchange_delivered_order_items; target_tool_called=True,reward=0.0; failure_mode=silent_failure,true,0.0,O0 silent drift has no visible recovery signal and the hidden rule violation is set.,runs\schema_mutation\phase5\status\c_semantic_generalization_0006_status.jsonl,,,,
oracle_o0_hidden_violation_positive_p8c_b7b9bbcc215b,retail,deepseek/deepseek-v4-flash,C3_O0_silent,C3,2,default_behavior,target_tool=return_delivered_order_items; target_tool_called=True,reward=0.0; failure_mode=silent_failure,true,0.0,O0 silent drift has no visible recovery signal and the hidden rule violation is set.,runs\schema_mutation\phase5\status\c_semantic_generalization_0009_status.jsonl,,,,
oracle_o0_hidden_violation_positive_p5_a177d4bc29ae,retail,deepseek/deepseek-v4-flash,O0_silent,C4,11,C4_business_rule_drift,target_tool=return_delivered_order_items; target_tool_called=True,reward=0.0; failure_mode=silent_failure,true,0.0,O0 silent drift has no visible recovery signal and the hidden rule violation is set.,runs\schema_mutation\phase5\status\observability_from_baseline_0004_status.jsonl,,,,
oracle_o0_hidden_violation_positive_p8c_580dc0116cf9,airline,dashscope/glm-5.1,C1_O0_silent,C1,1,unit_scale,target_tool=cancel_reservation; target_tool_called=True,reward=0.0; failure_mode=silent_failure,true,0.0,O0 silent drift has no visible recovery signal and the hidden rule violation is set.,runs\schema_mutation\phase5\status\c_semantic_generalization_0000_status.jsonl,,,,
oracle_o0_hidden_violation_positive_p8c_bcf6eb67a8d7,airline,dashscope/glm-5.1,C2_O0_silent,C2,33,currency_locale,target_tool=cancel_reservation; target_tool_called=True,reward=0.0; failure_mode=silent_failure,true,0.0,O0 silent drift has no visible recovery signal and the hidden rule violation is set.,runs\schema_mutation\phase5\status\c_semantic_generalization_0003_status.jsonl,,,,
oracle_o0_hidden_violation_positive_p8c_ac59595abc2d,airline,dashscope/glm-5.1,C3_O0_silent,C3,43,default_behavior,target_tool=update_reservation_passengers; target_tool_called=True,reward=0.0; failure_mode=silent_failure,true,0.0,O0 silent drift has no visible recovery signal and the hidden rule violation is set.,runs\schema_mutation\phase5\status\c_semantic_generalization_0006_status.jsonl,,,,
oracle_o0_hidden_violation_positive_p5_5875fb11c805,airline,dashscope/glm-5.1,O0_silent,C4,43,C4_business_rule_drift,target_tool=update_reservation_passengers; target_tool_called=True,reward=0.0; failure_mode=silent_failure,true,0.0,O0 silent drift has no visible recovery signal and the hidden rule violation is set.,runs\schema_mutation\phase5\status\airline_observability_from_baseline_0003_status.jsonl,,,,
oracle_o0_hidden_violation_positive_p8c_75544b8f2308,airline,dashscope/kimi-k2.6,C1_O0_silent,C1,11,unit_scale,target_tool=book_reservation; target_tool_called=True,reward=0.0; failure_mode=silent_failure,true,0.0,O0 silent drift has no visible recovery signal and the hidden rule violation is set.,runs\schema_mutation\phase5\status\c_semantic_generalization_0000_status.jsonl,,,,
oracle_o0_hidden_violation_positive_p8c_474ade9c5e61,airline,dashscope/kimi-k2.6,C2_O0_silent,C2,43,currency_locale,target_tool=update_reservation_passengers; target_tool_called=True,reward=0.0; failure_mode=silent_failure,true,0.0,O0 silent drift has no visible recovery signal and the hidden rule violation is set.,runs\schema_mutation\phase5\status\c_semantic_generalization_0004_status.jsonl,,,,
oracle_o0_hidden_violation_positive_p8c_fb4db5b5616c,airline,dashscope/kimi-k2.6,C3_O0_silent,C3,5,default_behavior,target_tool=update_reservation_passengers; target_tool_called=True,reward=0.0; failure_mode=silent_failure,true,0.0,O0 silent drift has no visible recovery signal and the hidden rule violation is set.,runs\schema_mutation\phase5\status\c_semantic_generalization_0007_status.jsonl,,,,
oracle_o0_hidden_violation_positive_p5_da753c460b89,airline,dashscope/kimi-k2.6,O0_silent,C4,43,C4_business_rule_drift,target_tool=update_reservation_passengers; target_tool_called=True,reward=0.0; failure_mode=silent_failure,true,0.0,O0 silent drift has no visible recovery signal and the hidden rule violation is set.,runs\schema_mutation\phase5\status\airline_observability_from_baseline_0006_status.jsonl,,,,
oracle_o0_hidden_violation_positive_p8c_535b3369000e,airline,dashscope/qwen-max,C1_O0_silent,C1,0,unit_scale,target_tool=book_reservation; target_tool_called=True,reward=0.0; failure_mode=silent_failure,true,0.0,O0 silent drift has no visible recovery signal and the hidden rule violation is set.,runs\schema_mutation\phase5\status\c_semantic_generalization_0001_status.jsonl,,,,
oracle_o0_hidden_violation_positive_p8c_a88abbd29ad6,airline,dashscope/qwen-max,C2_O0_silent,C2,27,currency_locale,target_tool=cancel_reservation; target_tool_called=True,reward=0.0; failure_mode=silent_failure,true,0.0,O0 silent drift has no visible recovery signal and the hidden rule violation is set.,runs\schema_mutation\phase5\status\c_semantic_generalization_0005_status.jsonl,,,,
oracle_o0_hidden_violation_positive_p8c_625c0356bafe,airline,dashscope/qwen-max,C3_O0_silent,C3,23,default_behavior,target_tool=update_reservation_flights; target_tool_called=True,reward=0.0; failure_mode=silent_failure,true,0.0,O0 silent drift has no visible recovery signal and the hidden rule violation is set.,runs\schema_mutation\phase5\status\c_semantic_generalization_0008_status.jsonl,,,,
oracle_o0_hidden_violation_positive_p5_40eebd156e1e,airline,dashscope/qwen-max,O0_silent,C4,12,C4_business_rule_drift,target_tool=cancel_reservation; target_tool_called=True,reward=0.0; failure_mode=silent_failure,true,0.0,O0 silent drift has no visible recovery signal and the hidden rule violation is set.,runs\schema_mutation\phase5\status\airline_observability_from_baseline_0007_status.jsonl,,,,
oracle_o0_hidden_violation_positive_p8c_030ae8fc5d8c,airline,deepseek/deepseek-v4-flash,C1_O0_silent,C1,7,unit_scale,target_tool=update_reservation_flights; target_tool_called=True,reward=0.0; failure_mode=silent_failure,true,0.0,O0 silent drift has no visible recovery signal and the hidden rule violation is set.,runs\schema_mutation\phase5\status\c_semantic_generalization_0002_status.jsonl,,,,
oracle_o0_hidden_violation_positive_p8c_ef8017518fd5,airline,deepseek/deepseek-v4-flash,C2_O0_silent,C2,7,currency_locale,target_tool=update_reservation_flights; target_tool_called=True,reward=0.0; failure_mode=silent_failure,true,0.0,O0 silent drift has no visible recovery signal and the hidden rule violation is set.,runs\schema_mutation\phase5\status\c_semantic_generalization_0005_status.jsonl,,,,
oracle_o0_hidden_violation_positive_p8c_32550f34fb88,airline,deepseek/deepseek-v4-flash,C3_O0_silent,C3,43,default_behavior,target_tool=update_reservation_passengers; target_tool_called=True,reward=0.0; failure_mode=silent_failure,true,0.0,O0 silent drift has no visible recovery signal and the hidden rule violation is set.,runs\schema_mutation\phase5\status\c_semantic_generalization_0009_status.jsonl,,,,
oracle_o0_hidden_violation_positive_p5_6e1c80c565c2,airline,deepseek/deepseek-v4-flash,O0_silent,C4,7,C4_business_rule_drift,target_tool=update_reservation_flights; target_tool_called=True,reward=0.0; failure_mode=silent_failure,true,0.0,O0 silent drift has no visible recovery signal and the hidden rule violation is set.,runs\schema_mutation\phase5\status\airline_observability_from_baseline_0009_status.jsonl,,,,
oracle_o0_hidden_violation_positive_p8c_f673b2765f59,retail,dashscope/glm-5.1,C1_O0_silent,C1,2,unit_scale,target_tool=return_delivered_order_items; target_tool_called=True,reward=0.0; failure_mode=silent_failure,true,0.0,O0 silent drift has no visible recovery signal and the hidden rule violation is set.,runs\schema_mutation\phase5\status\c_semantic_generalization_0000_status.jsonl,,,,
oracle_o0_hidden_violation_positive_p8c_57efba6c78b1,retail,dashscope/glm-5.1,C3_O0_silent,C3,11,default_behavior,target_tool=return_delivered_order_items; target_tool_called=True,reward=0.0; failure_mode=silent_failure,true,0.0,O0 silent drift has no visible recovery signal and the hidden rule violation is set.,runs\schema_mutation\phase5\status\c_semantic_generalization_0007_status.jsonl,,,,
oracle_o0_hidden_violation_positive_p5_709c1cedba1b,retail,dashscope/glm-5.1,O0_silent,C4,18,C4_business_rule_drift,target_tool=exchange_delivered_order_items; target_tool_called=True,reward=0.0; failure_mode=silent_failure,true,0.0,O0 silent drift has no visible recovery signal and the hidden rule violation is set.,runs\schema_mutation\phase5\status\observability_from_baseline_0001_status.jsonl,,,,
oracle_o0_non_hidden_violation_negative_p8c_0832e9cc5c10,airline,dashscope/glm-5.1,C1_O0_silent,C1,14,unit_scale,target_tool=update_reservation_flights; target_tool_called=False,reward=1.0; failure_mode=agent_compatible,false,1.0,O0 cell remained successful or did not hit the changed rule; hidden violation is absent.,runs\schema_mutation\phase5\status\c_semantic_generalization_0000_status.jsonl,,,,
oracle_o0_non_hidden_violation_negative_p8c_6b70783bd28d,airline,dashscope/glm-5.1,C2_O0_silent,C2,37,currency_locale,target_tool=book_reservation; target_tool_called=False,reward=1.0; failure_mode=agent_compatible,false,1.0,O0 cell remained successful or did not hit the changed rule; hidden violation is absent.,runs\schema_mutation\phase5\status\c_semantic_generalization_0003_status.jsonl,,,,
oracle_o0_non_hidden_violation_negative_p8c_5a7c59a94baa,airline,dashscope/glm-5.1,C3_O0_silent,C3,42,default_behavior,target_tool=cancel_reservation; target_tool_called=False,reward=1.0; failure_mode=agent_compatible,false,1.0,O0 cell remained successful or did not hit the changed rule; hidden violation is absent.,runs\schema_mutation\phase5\status\c_semantic_generalization_0006_status.jsonl,,,,
oracle_o0_non_hidden_violation_negative_p5_0088580b56e4,airline,dashscope/glm-5.1,O0_silent,C4,35,C4_business_rule_drift,target_tool=cancel_reservation; target_tool_called=False,reward=1.0; failure_mode=agent_compatible,false,1.0,O0 cell remained successful or did not hit the changed rule; hidden violation is absent.,runs\schema_mutation\phase5\status\airline_observability_from_baseline_0002_status.jsonl,,,,
oracle_o0_non_hidden_violation_negative_p8c_c8fe8629c792,airline,dashscope/kimi-k2.6,C1_O0_silent,C1,40,unit_scale,target_tool=cancel_reservation; target_tool_called=False,reward=1.0; failure_mode=agent_compatible,false,1.0,O0 cell remained successful or did not hit the changed rule; hidden violation is absent.,runs\schema_mutation\phase5\status\c_semantic_generalization_0001_status.jsonl,,,,
oracle_o0_non_hidden_violation_negative_p8c_d1959f517ffc,airline,dashscope/kimi-k2.6,C2_O0_silent,C2,16,currency_locale,target_tool=book_reservation; target_tool_called=False,reward=1.0; failure_mode=agent_compatible,false,1.0,O0 cell remained successful or did not hit the changed rule; hidden violation is absent.,runs\schema_mutation\phase5\status\c_semantic_generalization_0004_status.jsonl,,,,
oracle_o0_non_hidden_violation_negative_p8c_8aadd72f491b,airline,dashscope/kimi-k2.6,C3_O0_silent,C3,40,default_behavior,target_tool=cancel_reservation; target_tool_called=False,reward=1.0; failure_mode=agent_compatible,false,1.0,O0 cell remained successful or did not hit the changed rule; hidden violation is absent.,runs\schema_mutation\phase5\status\c_semantic_generalization_0007_status.jsonl,,,,
oracle_o0_non_hidden_violation_negative_p5_4559c016d779,airline,dashscope/kimi-k2.6,O0_silent,C4,37,C4_business_rule_drift,target_tool=book_reservation; target_tool_called=False,reward=1.0; failure_mode=agent_compatible,false,1.0,O0 cell remained successful or did not hit the changed rule; hidden violation is absent.,runs\schema_mutation\phase5\status\airline_observability_from_baseline_0006_status.jsonl,,,,
oracle_o0_non_hidden_violation_negative_p8c_c9656b3d932a,airline,dashscope/qwen-max,C1_O0_silent,C1,44,unit_scale,target_tool=book_reservation; target_tool_called=False,reward=1.0; failure_mode=agent_compatible,false,1.0,O0 cell remained successful or did not hit the changed rule; hidden violation is absent.,runs\schema_mutation\phase5\status\c_semantic_generalization_0002_status.jsonl,,,,
oracle_o0_non_hidden_violation_negative_p8c_709901e228bd,airline,dashscope/qwen-max,C2_O0_silent,C2,16,currency_locale,target_tool=book_reservation; target_tool_called=False,reward=1.0; failure_mode=agent_compatible,false,1.0,O0 cell remained successful or did not hit the changed rule; hidden violation is absent.,runs\schema_mutation\phase5\status\c_semantic_generalization_0004_status.jsonl,,,,
oracle_o0_non_hidden_violation_negative_p8c_6b80016d6676,airline,dashscope/qwen-max,C3_O0_silent,C3,44,default_behavior,target_tool=book_reservation; target_tool_called=False,reward=1.0; failure_mode=agent_compatible,false,1.0,O0 cell remained successful or did not hit the changed rule; hidden violation is absent.,runs\schema_mutation\phase5\status\c_semantic_generalization_0008_status.jsonl,,,,
oracle_o0_non_hidden_violation_negative_p5_8db7f2072c5f,airline,dashscope/qwen-max,O0_silent,C4,24,C4_business_rule_drift,target_tool=update_reservation_flights; target_tool_called=False,reward=0.0; failure_mode=mutation_task_failure,false,0.0,O0 cell remained successful or did not hit the changed rule; hidden violation is absent.,runs\schema_mutation\phase5\status\airline_observability_from_baseline_0007_status.jsonl,,,,
oracle_o0_non_hidden_violation_negative_p8c_501137c8b66f,airline,deepseek/deepseek-v4-flash,C1_O0_silent,C1,35,unit_scale,target_tool=cancel_reservation; target_tool_called=False,reward=1.0; failure_mode=agent_compatible,false,1.0,O0 cell remained successful or did not hit the changed rule; hidden violation is absent.,runs\schema_mutation\phase5\status\c_semantic_generalization_0002_status.jsonl,,,,
oracle_o0_non_hidden_violation_negative_p8c_789bedefa144,airline,deepseek/deepseek-v4-flash,C2_O0_silent,C2,24,currency_locale,target_tool=update_reservation_flights; target_tool_called=False,reward=1.0; failure_mode=agent_compatible,false,1.0,O0 cell remained successful or did not hit the changed rule; hidden violation is absent.,runs\schema_mutation\phase5\status\c_semantic_generalization_0005_status.jsonl,,,,
oracle_o0_non_hidden_violation_negative_p8c_5db44f724e4c,airline,deepseek/deepseek-v4-flash,C3_O0_silent,C3,38,default_behavior,target_tool=cancel_reservation; target_tool_called=False,reward=1.0; failure_mode=agent_compatible,false,1.0,O0 cell remained successful or did not hit the changed rule; hidden violation is absent.,runs\schema_mutation\phase5\status\c_semantic_generalization_0009_status.jsonl,,,,
oracle_o0_non_hidden_violation_negative_p5_7d084b105b1c,airline,deepseek/deepseek-v4-flash,O0_silent,C4,37,C4_business_rule_drift,target_tool=book_reservation; target_tool_called=False,reward=1.0; failure_mode=agent_compatible,false,1.0,O0 cell remained successful or did not hit the changed rule; hidden violation is absent.,runs\schema_mutation\phase5\status\airline_observability_from_baseline_0011_status.jsonl,,,,
oracle_o0_non_hidden_violation_negative_p8c_649aea298f85,retail,dashscope/glm-5.1,C1_O0_silent,C1,13,unit_scale,target_tool=cancel_pending_order; target_tool_called=False,reward=1.0; failure_mode=agent_compatible,false,1.0,O0 cell remained successful or did not hit the changed rule; hidden violation is absent.,runs\schema_mutation\phase5\status\c_semantic_generalization_0000_status.jsonl,,,,
oracle_o0_non_hidden_violation_negative_p8c_c37781d2c20e,retail,dashscope/glm-5.1,C2_O0_silent,C2,17,currency_locale,target_tool=cancel_pending_order; target_tool_called=False,reward=1.0; failure_mode=agent_compatible,false,1.0,O0 cell remained successful or did not hit the changed rule; hidden violation is absent.,runs\schema_mutation\phase5\status\c_semantic_generalization_0003_status.jsonl,,,,
oracle_o0_non_hidden_violation_negative_p8c_b7af494c0637,retail,dashscope/glm-5.1,C3_O0_silent,C3,14,default_behavior,target_tool=cancel_pending_order; target_tool_called=False,reward=0.0; failure_mode=mutation_task_failure,false,0.0,O0 cell remained successful or did not hit the changed rule; hidden violation is absent.,runs\schema_mutation\phase5\status\c_semantic_generalization_0007_status.jsonl,,,,
oracle_o0_non_hidden_violation_negative_p5_4d9895e1b8e1,retail,dashscope/glm-5.1,O0_silent,C4,19,C4_business_rule_drift,target_tool=exchange_delivered_order_items; target_tool_called=False,reward=0.0; failure_mode=mutation_task_failure,false,0.0,O0 cell remained successful or did not hit the changed rule; hidden violation is absent.,runs\schema_mutation\phase5\status\observability_from_baseline_0001_status.jsonl,,,,
oracle_o0_non_hidden_violation_negative_p8c_200d06eb1ec4,retail,dashscope/kimi-k2.6,C1_O0_silent,C1,13,unit_scale,target_tool=cancel_pending_order; target_tool_called=False,reward=1.0; failure_mode=agent_compatible,false,1.0,O0 cell remained successful or did not hit the changed rule; hidden violation is absent.,runs\schema_mutation\phase5\status\c_semantic_generalization_0001_status.jsonl,,,,
oracle_o0_non_hidden_violation_negative_p8c_ece2be84c95f,retail,dashscope/kimi-k2.6,C2_O0_silent,C2,17,currency_locale,target_tool=transfer_to_human_agents; target_tool_called=False,reward=1.0; failure_mode=agent_compatible,false,1.0,O0 cell remained successful or did not hit the changed rule; hidden violation is absent.,runs\schema_mutation\phase5\status\c_semantic_generalization_0004_status.jsonl,,,,
oracle_o0_non_hidden_violation_negative_p8c_fcbaf834e980,retail,dashscope/kimi-k2.6,C3_O0_silent,C3,17,default_behavior,target_tool=modify_pending_order_items; target_tool_called=False,reward=1.0; failure_mode=agent_compatible,false,1.0,O0 cell remained successful or did not hit the changed rule; hidden violation is absent.,runs\schema_mutation\phase5\status\c_semantic_generalization_0007_status.jsonl,,,,
oracle_o0_non_hidden_violation_negative_p5_06b28f8a1952,retail,dashscope/kimi-k2.6,O0_silent,C4,12,C4_business_rule_drift,target_tool=cancel_pending_order; target_tool_called=False,reward=1.0; failure_mode=agent_compatible,false,1.0,O0 cell remained successful or did not hit the changed rule; hidden violation is absent.,runs\schema_mutation\phase5\status\observability_from_baseline_0002_status.jsonl,,,,
oracle_o0_non_hidden_violation_negative_p8c_9234c13bd37d,retail,dashscope/qwen-max,C1_O0_silent,C1,17,unit_scale,target_tool=transfer_to_human_agents; target_tool_called=False,reward=1.0; failure_mode=agent_compatible,false,1.0,O0 cell remained successful or did not hit the changed rule; hidden violation is absent.,runs\schema_mutation\phase5\status\c_semantic_generalization_0002_status.jsonl,,,,
oracle_o0_non_hidden_violation_negative_p8c_fdb7dab77a6d,retail,dashscope/qwen-max,C2_O0_silent,C2,14,currency_locale,target_tool=cancel_pending_order; target_tool_called=False,reward=1.0; failure_mode=agent_compatible,false,1.0,O0 cell remained successful or did not hit the changed rule; hidden violation is absent.,runs\schema_mutation\phase5\status\c_semantic_generalization_0005_status.jsonl,,,,
oracle_o0_non_hidden_violation_negative_p8c_fe57cc5ebefc,retail,dashscope/qwen-max,C3_O0_silent,C3,13,default_behavior,target_tool=cancel_pending_order; target_tool_called=False,reward=0.0; failure_mode=mutation_task_failure,false,0.0,O0 cell remained successful or did not hit the changed rule; hidden violation is absent.,runs\schema_mutation\phase5\status\c_semantic_generalization_0008_status.jsonl,,,,
oracle_o0_non_hidden_violation_negative_p5_33f2a18c5066,retail,dashscope/qwen-max,O0_silent,C4,13,C4_business_rule_drift,target_tool=cancel_pending_order; target_tool_called=False,reward=0.0; failure_mode=mutation_task_failure,false,0.0,O0 cell remained successful or did not hit the changed rule; hidden violation is absent.,runs\schema_mutation\phase5\status\observability_from_baseline_0003_status.jsonl,,,,
oracle_o0_non_hidden_violation_negative_p8c_73ca94d2fd8a,retail,deepseek/deepseek-v4-flash,C1_O0_silent,C1,10,unit_scale,target_tool=return_delivered_order_items; target_tool_called=False,reward=1.0; failure_mode=agent_compatible,false,1.0,O0 cell remained successful or did not hit the changed rule; hidden violation is absent.,runs\schema_mutation\phase5\status\c_semantic_generalization_0003_status.jsonl,,,,
oracle_o0_non_hidden_violation_negative_p8c_907b3f124b79,retail,deepseek/deepseek-v4-flash,C2_O0_silent,C2,10,currency_locale,target_tool=return_delivered_order_items; target_tool_called=False,reward=1.0; failure_mode=agent_compatible,false,1.0,O0 cell remained successful or did not hit the changed rule; hidden violation is absent.,runs\schema_mutation\phase5\status\c_semantic_generalization_0006_status.jsonl,,,,
oracle_o0_non_hidden_violation_negative_p8c_1bc8305a7b3f,retail,deepseek/deepseek-v4-flash,C3_O0_silent,C3,13,default_behavior,target_tool=cancel_pending_order; target_tool_called=False,reward=1.0; failure_mode=agent_compatible,false,1.0,O0 cell remained successful or did not hit the changed rule; hidden violation is absent.,runs\schema_mutation\phase5\status\c_semantic_generalization_0009_status.jsonl,,,,
oracle_o0_non_hidden_violation_negative_p5_abdcb99724b3,retail,deepseek/deepseek-v4-flash,O0_silent,C4,12,C4_business_rule_drift,target_tool=cancel_pending_order; target_tool_called=False,reward=1.0; failure_mode=agent_compatible,false,1.0,O0 cell remained successful or did not hit the changed rule; hidden violation is absent.,runs\schema_mutation\phase5\status\observability_from_baseline_0004_status.jsonl,,,,
oracle_o0_non_hidden_violation_negative_p8c_24454326161c,airline,dashscope/glm-5.1,C1_O0_silent,C1,48,unit_scale,target_tool=update_reservation_flights; target_tool_called=False,reward=1.0; failure_mode=agent_compatible,false,1.0,O0 cell remained successful or did not hit the changed rule; hidden violation is absent.,runs\schema_mutation\phase5\status\c_semantic_generalization_0000_status.jsonl,,,,
oracle_o0_non_hidden_violation_negative_p8c_9f794daf45b7,airline,dashscope/glm-5.1,C2_O0_silent,C2,39,currency_locale,target_tool=cancel_reservation; target_tool_called=False,reward=1.0; failure_mode=agent_compatible,false,1.0,O0 cell remained successful or did not hit the changed rule; hidden violation is absent.,runs\schema_mutation\phase5\status\c_semantic_generalization_0003_status.jsonl,,,,
oracle_o0_non_hidden_violation_negative_p8c_69efa7c239df,airline,dashscope/glm-5.1,C3_O0_silent,C3,12,default_behavior,target_tool=cancel_reservation; target_tool_called=False,reward=1.0; failure_mode=agent_compatible,false,1.0,O0 cell remained successful or did not hit the changed rule; hidden violation is absent.,runs\schema_mutation\phase5\status\c_semantic_generalization_0006_status.jsonl,,,,
oracle_o0_non_hidden_violation_negative_p5_850dc8f8028f,airline,dashscope/glm-5.1,O0_silent,C4,41,C4_business_rule_drift,target_tool=cancel_reservation; target_tool_called=False,reward=1.0; failure_mode=agent_compatible,false,1.0,O0 cell remained successful or did not hit the changed rule; hidden violation is absent.,runs\schema_mutation\phase5\status\airline_observability_from_baseline_0003_status.jsonl,,,,
oracle_o0_non_hidden_violation_negative_p8c_df9c7ecbe49b,airline,dashscope/kimi-k2.6,C1_O0_silent,C1,21,unit_scale,target_tool=update_reservation_flights; target_tool_called=False,reward=1.0; failure_mode=agent_compatible,false,1.0,O0 cell remained successful or did not hit the changed rule; hidden violation is absent.,runs\schema_mutation\phase5\status\c_semantic_generalization_0001_status.jsonl,,,,
oracle_o0_non_hidden_violation_negative_p8c_893f6a9c4d96,airline,dashscope/kimi-k2.6,C2_O0_silent,C2,48,currency_locale,target_tool=update_reservation_flights; target_tool_called=False,reward=1.0; failure_mode=agent_compatible,false,1.0,O0 cell remained successful or did not hit the changed rule; hidden violation is absent.,runs\schema_mutation\phase5\status\c_semantic_generalization_0004_status.jsonl,,,,
oracle_o0_non_hidden_violation_negative_p8c_707f5328d1da,airline,dashscope/kimi-k2.6,C3_O0_silent,C3,38,default_behavior,target_tool=cancel_reservation; target_tool_called=False,reward=1.0; failure_mode=agent_compatible,false,1.0,O0 cell remained successful or did not hit the changed rule; hidden violation is absent.,runs\schema_mutation\phase5\status\c_semantic_generalization_0007_status.jsonl,,,,
oracle_o0_non_hidden_violation_negative_p5_b6286cef81b6,airline,dashscope/kimi-k2.6,O0_silent,C4,42,C4_business_rule_drift,target_tool=cancel_reservation; target_tool_called=False,reward=1.0; failure_mode=agent_compatible,false,1.0,O0 cell remained successful or did not hit the changed rule; hidden violation is absent.,runs\schema_mutation\phase5\status\airline_observability_from_baseline_0006_status.jsonl,,,,
oracle_o0_non_hidden_violation_negative_p8c_c6d49dd769ef,airline,dashscope/qwen-max,C1_O0_silent,C1,44,unit_scale,target_tool=book_reservation; target_tool_called=False,reward=0.0; failure_mode=mutation_task_failure,false,0.0,O0 cell remained successful or did not hit the changed rule; hidden violation is absent.,runs\schema_mutation\phase5\status\c_semantic_generalization_0002_status.jsonl,,,,
oracle_o0_non_hidden_violation_negative_p8c_5cf52692f2c8,airline,dashscope/qwen-max,C2_O0_silent,C2,40,currency_locale,target_tool=cancel_reservation; target_tool_called=False,reward=1.0; failure_mode=agent_compatible,false,1.0,O0 cell remained successful or did not hit the changed rule; hidden violation is absent.,runs\schema_mutation\phase5\status\c_semantic_generalization_0005_status.jsonl,,,,
oracle_o0_non_hidden_violation_negative_p8c_c36d6a94f854,airline,dashscope/qwen-max,C3_O0_silent,C3,24,default_behavior,target_tool=update_reservation_flights; target_tool_called=False,reward=1.0; failure_mode=agent_compatible,false,1.0,O0 cell remained successful or did not hit the changed rule; hidden violation is absent.,runs\schema_mutation\phase5\status\c_semantic_generalization_0008_status.jsonl,,,,
oracle_o0_non_hidden_violation_negative_p5_19cc000efd35,airline,dashscope/qwen-max,O0_silent,C4,38,C4_business_rule_drift,target_tool=cancel_reservation; target_tool_called=False,reward=1.0; failure_mode=agent_compatible,false,1.0,O0 cell remained successful or did not hit the changed rule; hidden violation is absent.,runs\schema_mutation\phase5\status\airline_observability_from_baseline_0008_status.jsonl,,,,
oracle_o0_non_hidden_violation_negative_p8c_155da3402000,airline,deepseek/deepseek-v4-flash,C1_O0_silent,C1,41,unit_scale,target_tool=cancel_reservation; target_tool_called=False,reward=1.0; failure_mode=agent_compatible,false,1.0,O0 cell remained successful or did not hit the changed rule; hidden violation is absent.,runs\schema_mutation\phase5\status\c_semantic_generalization_0002_status.jsonl,,,,
oracle_o0_non_hidden_violation_negative_p8c_a2fe24d01ccd,airline,deepseek/deepseek-v4-flash,C2_O0_silent,C2,42,currency_locale,target_tool=cancel_reservation; target_tool_called=False,reward=1.0; failure_mode=agent_compatible,false,1.0,O0 cell remained successful or did not hit the changed rule; hidden violation is absent.,runs\schema_mutation\phase5\status\c_semantic_generalization_0006_status.jsonl,,,,
oracle_o0_non_hidden_violation_negative_p8c_9516644b9345,airline,deepseek/deepseek-v4-flash,C3_O0_silent,C3,36,default_behavior,target_tool=book_reservation; target_tool_called=False,reward=1.0; failure_mode=agent_compatible,false,1.0,O0 cell remained successful or did not hit the changed rule; hidden violation is absent.,runs\schema_mutation\phase5\status\c_semantic_generalization_0009_status.jsonl,,,,
oracle_o0_non_hidden_violation_negative_p5_144260fb5fb0,airline,deepseek/deepseek-v4-flash,O0_silent,C4,38,C4_business_rule_drift,target_tool=cancel_reservation; target_tool_called=False,reward=1.0; failure_mode=agent_compatible,false,1.0,O0 cell remained successful or did not hit the changed rule; hidden violation is absent.,runs\schema_mutation\phase5\status\airline_observability_from_baseline_0011_status.jsonl,,,,
oracle_o0_non_hidden_violation_negative_p8c_837d79a237c4,retail,dashscope/glm-5.1,C1_O0_silent,C1,13,unit_scale,target_tool=cancel_pending_order; target_tool_called=False,reward=1.0; failure_mode=agent_compatible,false,1.0,O0 cell remained successful or did not hit the changed rule; hidden violation is absent.,runs\schema_mutation\phase5\status\c_semantic_generalization_0000_status.jsonl,,,,
oracle_o0_non_hidden_violation_negative_p8c_a6b183f6a3cf,retail,dashscope/glm-5.1,C2_O0_silent,C2,13,currency_locale,target_tool=cancel_pending_order; target_tool_called=False,reward=1.0; failure_mode=agent_compatible,false,1.0,O0 cell remained successful or did not hit the changed rule; hidden violation is absent.,runs\schema_mutation\phase5\status\c_semantic_generalization_0003_status.jsonl,,,,
oracle_o3_o4_recovered_p8c_500fb2fc42ff,airline,dashscope/glm-5.1,C1_O3_structured_policy_error,C1,0,unit_scale,target_tool=book_reservation; target_tool_called=True,reward=1.0; failure_mode=agent_compatible,true,1.0,Visible structured/migration signal is present and the final reward indicates recovery.,runs\schema_mutation\phase5\status\c_semantic_generalization_0000_status.jsonl,,,,
oracle_o3_o4_recovered_p8c_f9bc9df2663b,airline,dashscope/glm-5.1,C2_O3_structured_policy_error,C2,39,currency_locale,target_tool=cancel_reservation; target_tool_called=True,reward=1.0; failure_mode=agent_compatible,true,1.0,Visible structured/migration signal is present and the final reward indicates recovery.,runs\schema_mutation\phase5\status\c_semantic_generalization_0003_status.jsonl,,,,
oracle_o3_o4_recovered_p8c_608d8c41c491,airline,dashscope/glm-5.1,C3_O3_structured_policy_error,C3,35,default_behavior,target_tool=cancel_reservation; target_tool_called=False,reward=1.0; failure_mode=agent_compatible,false,1.0,Visible structured/migration signal is present and the final reward indicates recovery.,runs\schema_mutation\phase5\status\c_semantic_generalization_0006_status.jsonl,,,,
oracle_o3_o4_recovered_p5_7ad044faf684,airline,dashscope/glm-5.1,O3_structured_policy_error,C4,7,C4_business_rule_drift,target_tool=update_reservation_flights; target_tool_called=True,reward=1.0; failure_mode=agent_compatible,true,1.0,Visible structured/migration signal is present and the final reward indicates recovery.,runs\schema_mutation\phase5\status\airline_observability_from_baseline_0000_status.jsonl,,,,
oracle_o3_o4_recovered_p8c_2be4db51be3a,airline,dashscope/kimi-k2.6,C1_O3_structured_policy_error,C1,4,unit_scale,target_tool=update_reservation_passengers; target_tool_called=True,reward=1.0; failure_mode=agent_compatible,true,1.0,Visible structured/migration signal is present and the final reward indicates recovery.,runs\schema_mutation\phase5\status\c_semantic_generalization_0000_status.jsonl,,,,
oracle_o3_o4_recovered_p8c_97c20375eb81,airline,dashscope/kimi-k2.6,C2_O3_structured_policy_error,C2,4,currency_locale,target_tool=update_reservation_passengers; target_tool_called=True,reward=1.0; failure_mode=agent_compatible,true,1.0,Visible structured/migration signal is present and the final reward indicates recovery.,runs\schema_mutation\phase5\status\c_semantic_generalization_0004_status.jsonl,,,,
oracle_o3_o4_recovered_p8c_893f07baae5e,airline,dashscope/kimi-k2.6,C3_O3_structured_policy_error,C3,6,default_behavior,target_tool=update_reservation_flights; target_tool_called=True,reward=1.0; failure_mode=agent_compatible,true,1.0,Visible structured/migration signal is present and the final reward indicates recovery.,runs\schema_mutation\phase5\status\c_semantic_generalization_0007_status.jsonl,,,,
oracle_o3_o4_recovered_p5_9ec67f416cc0,airline,dashscope/kimi-k2.6,O3_structured_policy_error,C4,15,C4_business_rule_drift,target_tool=cancel_reservation; target_tool_called=False,reward=1.0; failure_mode=agent_compatible,false,1.0,Visible structured/migration signal is present and the final reward indicates recovery.,runs\schema_mutation\phase5\status\airline_observability_from_baseline_0005_status.jsonl,,,,
oracle_o3_o4_recovered_p8c_103cbf31e9e6,airline,dashscope/qwen-max,C1_O3_structured_policy_error,C1,0,unit_scale,target_tool=book_reservation; target_tool_called=True,reward=1.0; failure_mode=agent_compatible,true,1.0,Visible structured/migration signal is present and the final reward indicates recovery.,runs\schema_mutation\phase5\status\c_semantic_generalization_0001_status.jsonl,,,,
oracle_o3_o4_recovered_p8c_f8743b0e1dcb,airline,dashscope/qwen-max,C2_O3_structured_policy_error,C2,38,currency_locale,target_tool=cancel_reservation; target_tool_called=False,reward=1.0; failure_mode=agent_compatible,false,1.0,Visible structured/migration signal is present and the final reward indicates recovery.,runs\schema_mutation\phase5\status\c_semantic_generalization_0005_status.jsonl,,,,
oracle_o3_o4_recovered_p8c_e4d9ec897904,airline,dashscope/qwen-max,C3_O3_structured_policy_error,C3,38,default_behavior,target_tool=cancel_reservation; target_tool_called=False,reward=1.0; failure_mode=agent_compatible,false,1.0,Visible structured/migration signal is present and the final reward indicates recovery.,runs\schema_mutation\phase5\status\c_semantic_generalization_0008_status.jsonl,,,,
oracle_o3_o4_recovered_p5_b30315b74104,airline,dashscope/qwen-max,O4_migration_note,C4,44,C4_business_rule_drift,target_tool=book_reservation; target_tool_called=False,reward=1.0; failure_mode=agent_compatible,false,1.0,Visible structured/migration signal is present and the final reward indicates recovery.,runs\schema_mutation\phase5\status\airline_observability_from_baseline_0008_status.jsonl,,,,
oracle_o3_o4_recovered_p8c_843569518ac5,airline,deepseek/deepseek-v4-flash,C1_O3_structured_policy_error,C1,38,unit_scale,target_tool=cancel_reservation; target_tool_called=False,reward=1.0; failure_mode=agent_compatible,false,1.0,Visible structured/migration signal is present and the final reward indicates recovery.,runs\schema_mutation\phase5\status\c_semantic_generalization_0002_status.jsonl,,,,
oracle_o3_o4_recovered_p8c_2a57ec860a75,airline,deepseek/deepseek-v4-flash,C2_O3_structured_policy_error,C2,14,currency_locale,target_tool=update_reservation_flights; target_tool_called=False,reward=1.0; failure_mode=agent_compatible,false,1.0,Visible structured/migration signal is present and the final reward indicates recovery.,runs\schema_mutation\phase5\status\c_semantic_generalization_0005_status.jsonl,,,,
oracle_o3_o4_recovered_p8c_b48745db9811,airline,deepseek/deepseek-v4-flash,C3_O3_structured_policy_error,C3,14,default_behavior,target_tool=update_reservation_flights; target_tool_called=False,reward=1.0; failure_mode=agent_compatible,false,1.0,Visible structured/migration signal is present and the final reward indicates recovery.,runs\schema_mutation\phase5\status\c_semantic_generalization_0008_status.jsonl,,,,
oracle_o3_o4_recovered_p5_3b6c02d46ad2,airline,deepseek/deepseek-v4-flash,O3_structured_policy_error,C4,39,C4_business_rule_drift,target_tool=cancel_reservation; target_tool_called=False,reward=1.0; failure_mode=agent_compatible,false,1.0,Visible structured/migration signal is present and the final reward indicates recovery.,runs\schema_mutation\phase5\status\airline_observability_from_baseline_0011_status.jsonl,,,,
oracle_o3_o4_recovered_p8c_51e5e732f24a,retail,dashscope/glm-5.1,C1_O3_structured_policy_error,C1,15,unit_scale,target_tool=modify_pending_order_items; target_tool_called=True,reward=1.0; failure_mode=agent_compatible,true,1.0,Visible structured/migration signal is present and the final reward indicates recovery.,runs\schema_mutation\phase5\status\c_semantic_generalization_0000_status.jsonl,,,,
oracle_o3_o4_recovered_p8c_71f1d811916e,retail,dashscope/glm-5.1,C2_O3_structured_policy_error,C2,12,currency_locale,target_tool=cancel_pending_order; target_tool_called=False,reward=1.0; failure_mode=agent_compatible,false,1.0,Visible structured/migration signal is present and the final reward indicates recovery.,runs\schema_mutation\phase5\status\c_semantic_generalization_0003_status.jsonl,,,,
oracle_o3_o4_recovered_p8c_62f4aeeb875c,retail,dashscope/glm-5.1,C3_O3_structured_policy_error,C3,15,default_behavior,target_tool=modify_pending_order_items; target_tool_called=True,reward=1.0; failure_mode=agent_compatible,true,1.0,Visible structured/migration signal is present and the final reward indicates recovery.,runs\schema_mutation\phase5\status\c_semantic_generalization_0007_status.jsonl,,,,
oracle_o3_o4_recovered_p5_7531ea89ada4,retail,dashscope/glm-5.1,O3_structured_policy_error,C4,4,C4_business_rule_drift,target_tool=modify_pending_order_items; target_tool_called=True,reward=1.0; failure_mode=agent_compatible,true,1.0,Visible structured/migration signal is present and the final reward indicates recovery.,runs\schema_mutation\phase5\status\observability_from_baseline_0000_status.jsonl,,,,
oracle_o3_o4_recovered_p8c_977e66a65b45,retail,dashscope/kimi-k2.6,C1_O3_structured_policy_error,C1,11,unit_scale,target_tool=return_delivered_order_items; target_tool_called=True,reward=1.0; failure_mode=agent_compatible,true,1.0,Visible structured/migration signal is present and the final reward indicates recovery.,runs\schema_mutation\phase5\status\c_semantic_generalization_0001_status.jsonl,,,,
oracle_o3_o4_recovered_p8c_fefd80f13158,retail,dashscope/kimi-k2.6,C2_O3_structured_policy_error,C2,10,currency_locale,target_tool=return_delivered_order_items; target_tool_called=False,reward=1.0; failure_mode=agent_compatible,false,1.0,Visible structured/migration signal is present and the final reward indicates recovery.,runs\schema_mutation\phase5\status\c_semantic_generalization_0004_status.jsonl,,,,
oracle_o3_o4_recovered_p8c_59e09982000d,retail,dashscope/kimi-k2.6,C3_O3_structured_policy_error,C3,0,default_behavior,target_tool=exchange_delivered_order_items; target_tool_called=True,reward=1.0; failure_mode=agent_compatible,true,1.0,Visible structured/migration signal is present and the final reward indicates recovery.,runs\schema_mutation\phase5\status\c_semantic_generalization_0007_status.jsonl,,,,
oracle_o3_o4_recovered_p5_08415924ace8,retail,dashscope/kimi-k2.6,O4_migration_note,C4,11,C4_business_rule_drift,target_tool=return_delivered_order_items; target_tool_called=True,reward=1.0; failure_mode=agent_compatible,true,1.0,Visible structured/migration signal is present and the final reward indicates recovery.,runs\schema_mutation\phase5\status\observability_from_baseline_0002_status.jsonl,,,,
oracle_o3_o4_recovered_p8c_8caedda0fd11,retail,dashscope/qwen-max,C1_O3_structured_policy_error,C1,17,unit_scale,target_tool=transfer_to_human_agents; target_tool_called=False,reward=1.0; failure_mode=agent_compatible,false,1.0,Visible structured/migration signal is present and the final reward indicates recovery.,runs\schema_mutation\phase5\status\c_semantic_generalization_0002_status.jsonl,,,,
oracle_o3_o4_recovered_p8c_e8f289ef92ba,retail,dashscope/qwen-max,C2_O3_structured_policy_error,C2,13,currency_locale,target_tool=cancel_pending_order; target_tool_called=False,reward=1.0; failure_mode=agent_compatible,false,1.0,Visible structured/migration signal is present and the final reward indicates recovery.,runs\schema_mutation\phase5\status\c_semantic_generalization_0005_status.jsonl,,,,
oracle_o3_o4_recovered_p8c_ef61da3a1b0e,retail,dashscope/qwen-max,C3_O3_structured_policy_error,C3,13,default_behavior,target_tool=cancel_pending_order; target_tool_called=False,reward=1.0; failure_mode=agent_compatible,false,1.0,Visible structured/migration signal is present and the final reward indicates recovery.,runs\schema_mutation\phase5\status\c_semantic_generalization_0008_status.jsonl,,,,
oracle_o3_o4_recovered_p5_ee5aedbac686,retail,dashscope/qwen-max,O4_migration_note,C4,14,C4_business_rule_drift,target_tool=cancel_pending_order; target_tool_called=False,reward=1.0; failure_mode=agent_compatible,false,1.0,Visible structured/migration signal is present and the final reward indicates recovery.,runs\schema_mutation\phase5\status\observability_from_baseline_0003_status.jsonl,,,,
oracle_o3_o4_recovered_p8c_90ce2986b9e0,retail,deepseek/deepseek-v4-flash,C1_O3_structured_policy_error,C1,12,unit_scale,target_tool=cancel_pending_order; target_tool_called=False,reward=1.0; failure_mode=agent_compatible,false,1.0,Visible structured/migration signal is present and the final reward indicates recovery.,runs\schema_mutation\phase5\status\c_semantic_generalization_0003_status.jsonl,,,,
oracle_o3_o4_recovered_p8c_427b052e8725,retail,deepseek/deepseek-v4-flash,C2_O3_structured_policy_error,C2,11,currency_locale,target_tool=return_delivered_order_items; target_tool_called=True,reward=1.0; failure_mode=agent_compatible,true,1.0,Visible structured/migration signal is present and the final reward indicates recovery.,runs\schema_mutation\phase5\status\c_semantic_generalization_0006_status.jsonl,,,,
